date,temperature_mean_c,temperature_max_c,temperature_min_c,precipitation_mm,rain_mm,precipitation_hours,relative_humidity_mean_pct
2024-01-01,21.7,28.7,16.0,0.0,0.0,0.0,64
2024-01-02,21.5,29.0,15.7,0.0,0.0,0.0,65
2024-01-03,21.0,28.5,15.1,0.0,0.0,0.0,69
2024-01-04,20.3,28.3,15.3,0.0,0.0,0.0,66
2024-01-05,19.9,27.8,13.4,0.0,0.0,0.0,68
2024-01-06,20.9,26.9,15.9,0.5,0.5,4.0,71
2024-01-07,21.5,28.2,16.4,0.6,0.6,2.0,69
2024-01-08,22.3,29.2,17.0,0.0,0.0,0.0,64
2024-01-09,22.7,29.1,18.1,0.4,0.4,1.0,62
2024-01-10,21.2,27.8,17.5,6.0,6.0,3.0,76
2024-01-11,22.6,29.1,17.7,0.0,0.0,0.0,71
2024-01-12,23.3,29.8,17.7,0.0,0.0,0.0,64
2024-01-13,23.2,30.6,16.5,0.0,0.0,0.0,64
2024-01-14,22.0,29.7,16.4,0.0,0.0,0.0,57
2024-01-15,19.6,27.0,14.0,0.0,0.0,0.0,45
2024-01-16,19.5,28.6,12.2,0.0,0.0,0.0,54
2024-01-17,19.5,27.7,13.0,0.0,0.0,0.0,60
2024-01-18,19.1,26.7,12.1,0.0,0.0,0.0,61
2024-01-19,19.9,27.8,13.0,0.0,0.0,0.0,58
2024-01-20,20.2,27.7,13.6,0.0,0.0,0.0,63
2024-01-21,19.9,27.4,13.9,0.0,0.0,0.0,57
2024-01-22,20.5,28.5,14.1,0.0,0.0,0.0,48
2024-01-23,19.0,26.3,12.1,0.0,0.0,0.0,44
2024-01-24,18.1,25.9,11.3,0.0,0.0,0.0,40
2024-01-25,18.6,26.9,12.0,0.0,0.0,0.0,43
2024-01-26,20.3,29.4,12.8,0.0,0.0,0.0,43
2024-01-27,21.0,29.4,13.3,0.0,0.0,0.0,50
2024-01-28,22.0,30.1,15.6,0.0,0.0,0.0,45
2024-01-29,21.6,29.3,14.2,0.0,0.0,0.0,43
2024-01-30,21.1,29.5,13.1,0.0,0.0,0.0,52
2024-01-31,20.9,29.5,13.8,0.0,0.0,0.0,53
2024-02-01,20.3,26.9,13.1,0.0,0.0,0.0,57
2024-02-02,20.7,27.9,13.7,0.0,0.0,0.0,58
2024-02-03,22.2,30.5,14.9,0.0,0.0,0.0,52
2024-02-04,23.6,32.2,16.2,0.0,0.0,0.0,49
2024-02-05,23.7,32.1,16.3,0.0,0.0,0.0,49
2024-02-06,23.7,32.8,16.2,0.0,0.0,0.0,50
2024-02-07,23.0,31.5,15.9,0.0,0.0,0.0,56
2024-02-08,21.8,29.9,15.5,0.0,0.0,0.0,55
2024-02-09,22.2,31.6,15.5,0.0,0.0,0.0,49
2024-02-10,22.2,31.9,15.0,0.0,0.0,0.0,46
2024-02-11,21.8,31.3,13.6,0.0,0.0,0.0,44
2024-02-12,22.0,31.3,14.2,0.0,0.0,0.0,45
2024-02-13,22.8,31.5,15.3,0.0,0.0,0.0,34
2024-02-14,22.7,30.7,15.3,0.0,0.0,0.0,41
2024-02-15,23.3,32.1,15.0,0.0,0.0,0.0,44
2024-02-16,25.4,33.2,18.6,0.0,0.0,0.0,43
2024-02-17,25.6,33.9,18.7,0.0,0.0,0.0,36
2024-02-18,24.7,33.2,17.1,0.0,0.0,0.0,34
2024-02-19,24.4,32.1,16.4,0.0,0.0,0.0,32
2024-02-20,23.6,31.6,17.3,0.0,0.0,0.0,40
2024-02-21,22.0,29.3,16.7,0.0,0.0,0.0,60
2024-02-22,21.9,28.5,17.5,0.0,0.0,0.0,58
2024-02-23,21.3,28.8,14.0,0.0,0.0,0.0,47
2024-02-24,21.3,29.5,13.4,0.0,0.0,0.0,30
2024-02-25,21.4,31.1,12.2,0.0,0.0,0.0,26
2024-02-26,24.8,33.9,17.2,0.0,0.0,0.0,34
2024-02-27,25.9,33.2,18.9,0.1,0.1,1.0,40
2024-02-28,26.1,32.9,19.8,0.0,0.0,0.0,40
2024-02-29,27.1,34.5,19.8,0.0,0.0,0.0,37
2024-03-01,26.8,34.0,21.0,0.0,0.0,0.0,41
2024-03-02,24.9,31.4,18.9,0.6,0.6,2.0,48
2024-03-03,22.3,28.5,16.8,0.0,0.0,0.0,66
2024-03-04,20.9,30.4,12.8,0.0,0.0,0.0,42
2024-03-05,22.7,32.7,13.8,0.0,0.0,0.0,30
2024-03-06,23.4,32.9,15.2,0.0,0.0,0.0,28
2024-03-07,24.2,32.9,15.4,0.0,0.0,0.0,29
2024-03-08,25.0,33.0,16.7,0.0,0.0,0.0,28
2024-03-09,25.0,34.8,16.8,0.0,0.0,0.0,29
2024-03-10,25.9,35.0,18.7,0.0,0.0,0.0,22
2024-03-11,26.4,34.7,18.2,0.0,0.0,0.0,30
2024-03-12,26.4,35.0,18.8,0.0,0.0,0.0,33
2024-03-13,25.6,33.2,18.9,0.0,0.0,0.0,38
2024-03-14,24.7,33.0,16.8,0.0,0.0,0.0,35
2024-03-15,24.2,33.5,14.7,0.0,0.0,0.0,35
2024-03-16,24.8,34.7,15.3,0.0,0.0,0.0,40
2024-03-17,25.8,35.0,16.8,0.0,0.0,0.0,34
2024-03-18,26.4,34.2,18.2,0.0,0.0,0.0,30
2024-03-19,26.5,33.9,18.0,0.0,0.0,0.0,29
2024-03-20,27.7,35.1,20.8,0.0,0.0,0.0,18
2024-03-21,27.1,35.3,19.4,0.0,0.0,0.0,21
2024-03-22,27.6,36.9,18.4,0.0,0.0,0.0,27
2024-03-23,27.9,37.1,18.2,0.0,0.0,0.0,29
2024-03-24,28.3,35.9,19.5,0.0,0.0,0.0,31
2024-03-25,29.0,37.5,20.4,0.0,0.0,0.0,32
2024-03-26,29.4,38.0,20.1,0.0,0.0,0.0,35
2024-03-27,30.0,39.5,21.1,0.0,0.0,0.0,36
2024-03-28,30.2,39.6,22.4,0.0,0.0,0.0,36
2024-03-29,30.1,37.9,22.8,0.0,0.0,0.0,37
2024-03-30,29.9,37.7,22.9,0.0,0.0,0.0,34
2024-03-31,29.9,37.7,22.7,0.0,0.0,0.0,29
2024-04-01,29.7,38.1,21.7,0.0,0.0,0.0,25
2024-04-02,29.3,38.6,19.7,0.0,0.0,0.0,28
2024-04-03,29.2,38.7,20.0,0.0,0.0,0.0,31
2024-04-04,29.2,37.0,21.8,0.0,0.0,0.0,30
2024-04-05,29.5,37.5,20.9,0.0,0.0,0.0,30
2024-04-06,30.4,36.9,24.2,0.0,0.0,0.0,25
2024-04-07,29.5,35.9,22.4,0.0,0.0,0.0,25
2024-04-08,28.6,37.4,19.6,0.0,0.0,0.0,21
2024-04-09,29.2,38.1,20.2,0.0,0.0,0.0,33
2024-04-10,29.3,38.4,21.0,0.0,0.0,0.0,33
2024-04-11,29.4,37.5,22.4,0.0,0.0,0.0,38
2024-04-12,29.5,36.3,23.9,0.0,0.0,0.0,35
2024-04-13,27.8,36.4,20.2,0.0,0.0,0.0,33
2024-04-14,28.8,37.8,19.8,0.0,0.0,0.0,46
2024-04-15,31.6,39.3,23.0,0.0,0.0,0.0,42
2024-04-16,33.3,39.5,26.4,0.0,0.0,0.0,29
2024-04-17,33.5,40.6,26.8,0.0,0.0,0.0,29
2024-04-18,32.7,40.9,25.0,0.0,0.0,0.0,36
2024-04-19,32.2,39.0,24.8,0.0,0.0,0.0,30
2024-04-20,31.2,37.8,25.1,0.0,0.0,0.0,35
2024-04-21,30.1,37.2,23.2,0.6,0.6,2.0,33
2024-04-22,30.1,36.4,23.9,0.1,0.1,1.0,33
2024-04-23,30.3,38.8,22.4,0.0,0.0,0.0,28
2024-04-24,30.5,37.7,22.0,0.0,0.0,0.0,32
2024-04-25,31.3,38.9,23.2,0.0,0.0,0.0,33
2024-04-26,31.2,38.1,25.3,0.0,0.0,0.0,32
2024-04-27,32.5,39.6,25.0,0.0,0.0,0.0,29
2024-04-28,33.1,40.3,26.1,0.0,0.0,0.0,25
2024-04-29,32.7,40.1,25.2,0.0,0.0,0.0,25
2024-04-30,32.5,39.4,24.9,0.0,0.0,0.0,21
2024-05-01,30.6,37.9,24.7,0.0,0.0,0.0,25
2024-05-02,29.6,37.9,22.1,0.0,0.0,0.0,26
2024-05-03,29.7,38.6,19.8,0.0,0.0,0.0,28
2024-05-04,30.4,38.5,20.9,0.0,0.0,0.0,34
2024-05-05,31.0,38.1,23.6,0.0,0.0,0.0,40
2024-05-06,30.3,37.2,25.0,0.0,0.0,0.0,41
2024-05-07,29.6,38.1,22.9,0.0,0.0,0.0,50
2024-05-08,29.4,38.1,20.9,0.0,0.0,0.0,55
2024-05-09,29.9,37.0,23.3,0.1,0.1,1.0,50
2024-05-10,29.1,36.4,23.9,5.0,5.0,3.0,57
2024-05-11,30.4,38.7,24.0,0.4,0.4,2.0,45
2024-05-12,30.1,37.1,24.6,0.8,0.8,2.0,46
2024-05-13,28.9,34.3,23.9,0.6,0.6,2.0,57
2024-05-14,29.9,38.0,23.9,1.5,1.5,2.0,51
2024-05-15,30.5,37.6,24.2,0.0,0.0,0.0,42
2024-05-16,30.6,37.4,24.1,0.9,0.9,1.0,42
2024-05-17,31.2,37.9,25.2,0.0,0.0,0.0,41
2024-05-18,31.3,39.5,23.5,0.1,0.1,1.0,48
2024-05-19,32.1,39.3,24.5,0.0,0.0,0.0,49
2024-05-20,32.3,39.6,24.9,0.0,0.0,0.0,46
2024-05-21,32.7,40.6,24.1,0.0,0.0,0.0,45
2024-05-22,32.6,40.7,24.9,0.0,0.0,0.0,41
2024-05-23,32.4,40.0,26.1,0.0,0.0,0.0,52
2024-05-24,31.5,39.0,25.3,0.0,0.0,0.0,48
2024-05-25,29.6,37.2,24.5,0.0,0.0,0.0,60
2024-05-26,29.5,36.5,25.0,0.0,0.0,0.0,64
2024-05-27,28.5,34.0,25.3,0.3,0.3,2.0,69
2024-05-28,28.8,35.2,24.8,0.0,0.0,0.0,66
2024-05-29,28.5,34.8,23.7,0.0,0.0,0.0,67
2024-05-30,28.9,36.1,23.5,0.0,0.0,0.0,65
2024-05-31,29.4,36.7,23.7,0.0,0.0,0.0,61
2024-06-01,29.4,36.4,23.7,0.0,0.0,0.0,62
2024-06-02,29.8,36.3,24.2,0.0,0.0,0.0,59
2024-06-03,29.1,35.1,24.2,2.4,2.4,3.0,62
2024-06-04,28.3,33.3,24.3,6.6,6.6,5.0,69
2024-06-05,28.1,33.9,24.5,3.8,3.8,3.0,71
2024-06-06,28.6,35.3,24.0,0.9,0.9,3.0,70
2024-06-07,27.4,35.1,23.9,6.2,6.2,4.0,75
2024-06-08,26.3,30.2,23.3,18.0,18.0,4.0,78
2024-06-09,26.3,30.5,23.9,2.7,2.7,4.0,78
2024-06-10,25.6,29.3,23.5,14.7,14.7,13.0,83
2024-06-11,25.5,29.6,23.6,4.5,4.5,6.0,84
2024-06-12,25.9,30.3,23.3,1.9,1.9,9.0,82
2024-06-13,25.9,30.2,23.1,1.3,1.3,6.0,81
2024-06-14,25.4,29.0,22.5,0.9,0.9,6.0,81
2024-06-15,25.9,31.0,22.8,4.4,4.4,8.0,79
2024-06-16,26.5,32.1,22.8,5.2,5.2,7.0,77
2024-06-17,25.9,31.5,23.2,13.4,13.4,12.0,82
2024-06-18,25.4,29.2,23.0,6.4,6.4,12.0,85
2024-06-19,24.7,28.1,23.1,2.6,2.6,11.0,86
2024-06-20,24.5,27.5,22.9,6.8,6.8,10.0,89
2024-06-21,25.6,29.6,22.9,2.3,2.3,11.0,84
2024-06-22,25.9,30.2,22.9,0.8,0.8,6.0,82
2024-06-23,25.1,29.9,23.0,20.6,20.6,14.0,87
2024-06-24,25.0,29.6,22.7,19.8,19.8,22.0,88
2024-06-25,26.1,30.5,23.2,10.5,10.5,8.0,84
2024-06-26,25.4,29.6,23.1,6.3,6.3,12.0,86
2024-06-27,24.7,28.0,23.1,8.5,8.5,22.0,89
2024-06-28,24.2,26.6,22.9,14.6,14.6,18.0,91
2024-06-29,24.7,28.2,22.7,2.6,2.6,15.0,88
2024-06-30,24.5,26.9,22.8,5.7,5.7,22.0,91
2024-07-01,23.8,26.1,22.3,11.3,11.3,24.0,92
2024-07-02,24.0,27.2,22.5,6.9,6.9,17.0,90
2024-07-03,24.1,27.3,22.4,3.3,3.3,17.0,92
2024-07-04,24.3,26.8,22.7,3.9,3.9,20.0,90
2024-07-05,24.1,26.6,22.4,5.3,5.3,23.0,90
2024-07-06,23.9,26.3,22.0,15.2,15.2,23.0,91
2024-07-07,24.6,28.1,22.3,2.7,2.7,17.0,87
2024-07-08,24.0,27.7,22.4,6.2,6.2,15.0,91
2024-07-09,24.2,29.5,21.8,24.7,24.7,18.0,89
2024-07-10,24.2,27.9,22.0,3.9,3.9,10.0,88
2024-07-11,23.4,26.5,21.4,26.1,26.1,17.0,92
2024-07-12,24.0,26.4,22.7,14.0,14.0,21.0,91
2024-07-13,23.4,25.7,22.7,46.9,46.9,24.0,94
2024-07-14,23.9,26.4,22.2,1.5,1.5,10.0,90
2024-07-15,24.6,27.7,22.2,3.2,3.2,10.0,87
2024-07-16,24.8,28.9,22.1,3.7,3.7,15.0,86
2024-07-17,24.0,27.6,22.0,4.5,4.5,19.0,90
2024-07-18,24.1,26.2,22.9,5.8,5.8,20.0,90
2024-07-19,23.8,26.0,22.5,9.8,9.8,20.0,90
2024-07-20,23.9,26.3,22.6,4.8,4.8,20.0,90
2024-07-21,23.9,26.1,22.9,8.7,8.7,21.0,92
2024-07-22,23.3,24.1,22.7,22.2,22.2,24.0,94
2024-07-23,23.3,24.4,23.0,21.1,21.1,24.0,94
2024-07-24,23.1,24.3,22.7,39.1,39.1,24.0,94
2024-07-25,23.0,24.3,22.1,29.6,29.6,24.0,92
2024-07-26,23.6,25.9,22.3,6.6,6.6,24.0,90
2024-07-27,23.5,25.4,22.5,7.2,7.2,24.0,91
2024-07-28,23.4,25.1,22.6,17.5,17.5,23.0,93
2024-07-29,23.8,26.4,22.6,18.0,18.0,22.0,90
2024-07-30,24.0,27.2,22.1,3.6,3.6,18.0,90
2024-07-31,24.2,27.1,22.3,8.6,8.6,16.0,90
2024-08-01,23.8,26.8,22.7,6.1,6.1,17.0,90
2024-08-02,23.5,25.8,22.1,10.3,10.3,24.0,89
2024-08-03,23.3,25.9,22.1,14.8,14.8,24.0,92
2024-08-04,23.1,24.6,22.3,17.8,17.8,24.0,93
2024-08-05,23.6,26.1,22.4,3.9,3.9,20.0,90
2024-08-06,24.0,26.9,22.3,3.2,3.2,18.0,87
2024-08-07,24.2,27.4,22.4,3.2,3.2,11.0,86
2024-08-08,23.6,26.6,22.1,2.9,2.9,15.0,87
2024-08-09,23.1,24.6,22.1,2.5,2.5,11.0,91
2024-08-10,24.0,27.8,22.0,3.9,3.9,12.0,87
2024-08-11,23.9,26.2,22.2,2.1,2.1,10.0,86
2024-08-12,23.9,26.7,22.1,5.5,5.5,12.0,88
2024-08-13,24.7,28.3,21.9,3.4,3.4,11.0,83
2024-08-14,24.6,28.4,21.4,1.3,1.3,7.0,84
2024-08-15,24.7,28.5,21.8,1.7,1.7,8.0,84
2024-08-16,24.8,28.4,21.7,1.8,1.8,9.0,83
2024-08-17,24.8,29.6,21.3,2.7,2.7,10.0,84
2024-08-18,25.0,29.3,23.3,16.1,16.1,18.0,89
2024-08-19,25.1,28.9,22.5,10.7,10.7,17.0,89
2024-08-20,24.4,27.8,22.7,28.7,28.7,20.0,92
2024-08-21,24.8,29.3,21.7,17.5,17.5,11.0,89
2024-08-22,24.8,29.5,22.2,23.9,23.9,14.0,90
2024-08-23,24.6,28.5,22.8,10.8,10.8,19.0,89
2024-08-24,23.2,24.5,22.0,21.2,21.2,23.0,94
2024-08-25,22.5,24.0,21.9,27.0,27.0,24.0,93
2024-08-26,22.4,24.1,21.1,20.7,20.7,24.0,94
2024-08-27,22.4,25.3,20.6,6.8,6.8,23.0,92
2024-08-28,22.5,24.8,21.2,10.3,10.3,21.0,94
2024-08-29,23.2,26.5,21.4,4.6,4.6,17.0,91
2024-08-30,23.6,27.3,21.8,1.7,1.7,8.0,89
2024-08-31,24.2,27.5,21.8,1.4,1.4,8.0,85
2024-09-01,24.0,27.8,21.4,0.5,0.5,4.0,84
2024-09-02,22.5,23.6,21.3,19.8,19.8,18.0,94
2024-09-03,23.4,26.3,21.5,4.1,4.1,17.0,90
2024-09-04,23.9,26.8,22.1,2.4,2.4,15.0,87
2024-09-05,23.6,26.1,22.3,8.0,8.0,16.0,90
2024-09-06,23.8,27.2,22.4,4.6,4.6,13.0,88
2024-09-07,24.0,27.5,22.3,2.6,2.6,10.0,87
2024-09-08,24.1,27.7,22.1,1.9,1.9,9.0,86
2024-09-09,23.9,26.7,22.2,3.6,3.6,8.0,87
2024-09-10,24.1,27.7,22.1,1.6,1.6,10.0,85
2024-09-11,24.0,27.8,22.0,1.6,1.6,10.0,86
2024-09-12,23.4,26.2,21.7,0.9,0.9,7.0,88
2024-09-13,23.1,26.1,21.3,2.0,2.0,10.0,85
2024-09-14,22.6,25.8,20.7,2.3,2.3,12.0,87
2024-09-15,22.9,26.2,20.7,1.3,1.3,7.0,86
2024-09-16,23.8,28.1,20.6,0.4,0.4,4.0,81
2024-09-17,22.7,27.6,19.1,1.0,1.0,5.0,82
2024-09-18,23.4,28.0,19.6,0.3,0.3,3.0,81
2024-09-19,23.7,28.9,20.4,7.6,7.6,4.0,84
2024-09-20,24.0,28.6,20.9,1.3,1.3,3.0,85
2024-09-21,24.4,28.9,21.3,0.2,0.2,2.0,82
2024-09-22,24.2,28.7,21.2,3.6,3.6,10.0,86
2024-09-23,24.5,28.3,22.4,10.0,10.0,9.0,89
2024-09-24,24.6,29.8,21.9,12.4,12.4,14.0,88
2024-09-25,23.9,27.9,22.0,39.5,39.5,19.0,92
2024-09-26,23.2,24.8,22.3,50.2,50.2,20.0,94
2024-09-27,22.9,24.8,22.0,11.3,11.3,22.0,94
2024-09-28,23.6,26.8,22.0,46.7,46.7,16.0,89
2024-09-29,23.8,27.8,21.5,1.3,1.3,7.0,89
2024-09-30,24.6,28.5,21.3,1.7,1.7,8.0,87
2024-10-01,25.5,30.9,21.1,0.2,0.2,2.0,82
2024-10-02,25.3,31.0,21.5,2.5,2.5,5.0,83
2024-10-03,24.9,29.7,22.1,0.4,0.4,2.0,84
2024-10-04,24.3,28.6,21.5,1.0,1.0,3.0,86
2024-10-05,24.3,29.1,20.7,0.2,0.2,2.0,81
2024-10-06,24.3,29.0,20.2,2.2,2.2,4.0,82
2024-10-07,25.4,30.2,21.5,0.2,0.2,1.0,74
2024-10-08,25.5,30.4,21.1,0.0,0.0,0.0,68
2024-10-09,24.1,29.2,22.1,9.1,9.1,8.0,83
2024-10-10,23.7,28.0,21.1,8.9,8.9,6.0,86
2024-10-11,23.4,28.4,21.5,12.3,12.3,10.0,89
2024-10-12,24.0,29.1,21.4,7.1,7.1,11.0,88
2024-10-13,24.1,29.3,21.3,5.7,5.7,7.0,88
2024-10-14,24.0,29.4,20.9,2.3,2.3,6.0,87
2024-10-15,24.6,29.3,21.1,0.4,0.4,4.0,85
2024-10-16,25.0,29.5,21.0,1.0,1.0,4.0,84
2024-10-17,24.5,27.1,21.7,0.0,0.0,0.0,84
2024-10-18,25.2,29.6,22.3,6.4,6.4,7.0,83
2024-10-19,23.7,29.0,21.3,14.9,14.9,11.0,89
2024-10-20,22.9,27.3,20.8,19.7,19.7,17.0,90
2024-10-21,23.1,27.7,20.3,12.2,12.2,9.0,88
2024-10-22,23.6,28.9,20.3,0.9,0.9,3.0,86
2024-10-23,24.2,29.1,20.8,0.2,0.2,2.0,82
2024-10-24,23.6,28.0,19.3,0.0,0.0,0.0,77
2024-10-25,23.1,29.4,18.2,0.0,0.0,0.0,65
2024-10-26,23.0,29.5,17.5,0.0,0.0,0.0,70
2024-10-27,23.9,30.5,17.2,0.0,0.0,0.0,68
2024-10-28,24.0,31.4,18.1,0.0,0.0,0.0,67
2024-10-29,24.7,31.0,19.8,0.0,0.0,0.0,64
2024-10-30,24.2,30.1,19.1,0.0,0.0,0.0,68
2024-10-31,24.5,30.4,19.7,0.0,0.0,0.0,66
2024-11-01,24.5,30.4,19.5,0.0,0.0,0.0,62
2024-11-02,24.2,30.1,18.3,0.0,0.0,0.0,58
2024-11-03,23.7,30.4,18.1,0.0,0.0,0.0,63
2024-11-04,23.9,30.2,18.5,0.0,0.0,0.0,61
2024-11-05,23.8,29.8,18.3,0.0,0.0,0.0,61
2024-11-06,23.4,30.5,18.2,0.0,0.0,0.0,57
2024-11-07,22.6,29.7,15.9,0.0,0.0,0.0,60
2024-11-08,22.7,30.2,16.9,0.0,0.0,0.0,62
2024-11-09,22.8,29.5,16.5,0.0,0.0,0.0,59
2024-11-10,22.7,29.1,16.4,0.0,0.0,0.0,54
2024-11-11,22.5,28.7,15.9,0.0,0.0,0.0,54
2024-11-12,22.5,28.7,15.9,0.0,0.0,0.0,55
2024-11-13,22.9,29.4,16.5,0.0,0.0,0.0,50
2024-11-14,23.6,30.1,17.4,0.0,0.0,0.0,55
2024-11-15,24.8,30.9,19.6,0.0,0.0,0.0,57
2024-11-16,25.0,31.4,19.6,0.0,0.0,0.0,57
2024-11-17,24.4,30.3,19.1,0.0,0.0,0.0,55
2024-11-18,22.9,29.0,17.6,0.0,0.0,0.0,49
2024-11-19,22.1,28.2,16.3,0.0,0.0,0.0,50
2024-11-20,21.7,27.8,16.1,0.0,0.0,0.0,51
2024-11-21,21.8,28.2,16.1,0.0,0.0,0.0,53
2024-11-22,21.7,28.4,15.2,0.0,0.0,0.0,55
2024-11-23,22.2,29.1,16.0,0.0,0.0,0.0,53
2024-11-24,22.1,28.4,16.3,0.0,0.0,0.0,55
2024-11-25,21.3,27.9,15.4,0.0,0.0,0.0,52
2024-11-26,20.9,27.8,14.7,0.0,0.0,0.0,49
2024-11-27,20.7,27.2,14.3,0.0,0.0,0.0,48
2024-11-28,20.7,27.6,14.6,0.0,0.0,0.0,42
2024-11-29,20.0,27.0,14.1,0.0,0.0,0.0,45
2024-11-30,20.1,27.1,13.7,0.0,0.0,0.0,48
2024-12-01,21.6,28.7,15.3,0.0,0.0,0.0,57
2024-12-02,23.4,29.1,18.4,0.0,0.0,0.0,61
2024-12-03,24.4,29.7,20.0,0.7,0.7,4.0,67
2024-12-04,24.9,29.8,21.4,0.3,0.3,3.0,72
2024-12-05,24.6,29.8,20.4,0.8,0.8,7.0,76
2024-12-06,24.8,30.9,20.5,0.0,0.0,0.0,71
2024-12-07,23.1,29.6,18.2,0.0,0.0,0.0,61
2024-12-08,20.4,27.7,15.0,0.0,0.0,0.0,49
2024-12-09,18.9,26.0,13.0,0.0,0.0,0.0,49
2024-12-10,18.7,25.9,12.8,0.0,0.0,0.0,51
2024-12-11,20.2,27.6,13.9,0.0,0.0,0.0,57
2024-12-12,20.7,27.8,14.6,0.0,0.0,0.0,61
2024-12-13,19.5,26.1,14.2,0.0,0.0,0.0,57
2024-12-14,18.8,26.1,12.7,0.0,0.0,0.0,52
2024-12-15,19.0,26.8,13.0,0.0,0.0,0.0,49
2024-12-16,19.7,27.3,13.1,0.0,0.0,0.0,44
2024-12-17,20.3,28.7,12.9,0.0,0.0,0.0,45
2024-12-18,20.6,28.8,13.6,0.0,0.0,0.0,48
2024-12-19,20.7,29.1,13.0,0.0,0.0,0.0,47
2024-12-20,21.1,28.4,14.9,0.0,0.0,0.0,59
2024-12-21,21.6,29.1,15.9,0.0,0.0,0.0,62
2024-12-22,20.9,28.1,15.1,0.0,0.0,0.0,77
2024-12-23,21.0,26.8,17.6,0.2,0.2,2.0,77
2024-12-24,21.2,26.9,16.8,0.0,0.0,0.0,70
2024-12-25,22.2,28.6,17.2,0.0,0.0,0.0,68
2024-12-26,22.6,28.3,18.2,0.1,0.1,1.0,71
2024-12-27,22.5,27.9,18.2,0.7,0.7,5.0,74
2024-12-28,22.1,26.6,19.1,1.0,1.0,2.0,75
2024-12-29,22.2,27.6,17.4,0.1,0.1,1.0,75
2024-12-30,22.8,29.2,18.2,0.0,0.0,0.0,73
2024-12-31,22.8,29.0,18.1,0.0,0.0,0.0,72
2025-01-01,22.4,28.6,17.7,0.0,0.0,0.0,71
2025-01-02,22.1,29.7,15.7,0.0,0.0,0.0,64
2025-01-03,21.8,29.3,15.6,0.0,0.0,0.0,54
2025-01-04,21.6,29.5,14.6,0.0,0.0,0.0,46
2025-01-05,22.0,29.5,15.8,0.0,0.0,0.0,45
2025-01-06,21.5,28.9,15.5,0.0,0.0,0.0,56
2025-01-07,20.2,26.8,15.0,0.0,0.0,0.0,60
2025-01-08,19.4,27.0,13.1,0.0,0.0,0.0,60
2025-01-09,19.9,27.6,13.3,0.0,0.0,0.0,54
2025-01-10,20.6,27.8,13.2,0.0,0.0,0.0,49
2025-01-11,21.1,28.2,14.7,0.0,0.0,0.0,58
2025-01-12,21.3,28.2,15.4,0.0,0.0,0.0,61
2025-01-13,21.0,27.7,15.5,0.0,0.0,0.0,67
2025-01-14,22.1,29.8,15.1,0.0,0.0,0.0,63
2025-01-15,23.5,30.5,18.6,0.0,0.0,0.0,60
2025-01-16,22.9,29.9,17.0,0.1,0.1,1.0,64
2025-01-17,22.3,28.6,17.1,0.0,0.0,0.0,64
2025-01-18,21.9,28.5,16.3,0.0,0.0,0.0,54
2025-01-19,22.2,29.7,15.5,0.0,0.0,0.0,50
2025-01-20,22.5,29.9,15.9,0.0,0.0,0.0,50
2025-01-21,22.9,30.4,15.9,0.0,0.0,0.0,49
2025-01-22,23.5,31.4,16.5,0.0,0.0,0.0,51
2025-01-23,23.2,30.7,17.0,0.0,0.0,0.0,53
2025-01-24,23.7,30.8,17.0,0.0,0.0,0.0,54
2025-01-25,24.7,32.4,17.5,0.0,0.0,0.0,57
2025-01-26,25.2,32.9,17.9,0.0,0.0,0.0,55
2025-01-27,25.1,33.3,17.8,0.0,0.0,0.0,49
2025-01-28,25.2,33.8,18.3,0.0,0.0,0.0,45
2025-01-29,25.2,34.0,18.1,0.0,0.0,0.0,36
2025-01-30,24.4,33.0,17.2,0.0,0.0,0.0,40
2025-01-31,23.6,31.7,17.3,0.0,0.0,0.0,39
2025-02-01,22.7,31.0,16.1,0.0,0.0,0.0,39
2025-02-02,23.7,31.9,16.8,0.0,0.0,0.0,41
2025-02-03,24.8,32.6,18.9,0.0,0.0,0.0,43
2025-02-04,24.2,32.1,18.2,0.0,0.0,0.0,41
2025-02-05,23.3,30.4,16.8,0.0,0.0,0.0,35
2025-02-06,23.8,30.9,17.2,0.0,0.0,0.0,46
2025-02-07,24.8,32.6,17.8,0.0,0.0,0.0,48
2025-02-08,25.5,33.2,18.5,0.0,0.0,0.0,47
2025-02-09,26.2,33.4,19.5,0.0,0.0,0.0,44
2025-02-10,26.4,33.9,20.2,0.0,0.0,0.0,36
2025-02-11,25.4,33.6,19.3,0.0,0.0,0.0,35
2025-02-12,24.3,32.8,16.4,0.0,0.0,0.0,34
2025-02-13,24.2,32.5,16.9,0.0,0.0,0.0,36
2025-02-14,24.5,32.2,16.9,0.0,0.0,0.0,38
2025-02-15,25.2,33.6,18.0,0.0,0.0,0.0,31
2025-02-16,25.3,33.4,18.2,0.0,0.0,0.0,28
2025-02-17,26.3,34.1,19.2,0.0,0.0,0.0,28
2025-02-18,26.2,34.2,19.4,0.0,0.0,0.0,33
2025-02-19,25.5,32.6,18.4,0.0,0.0,0.0,33
2025-02-20,25.8,32.9,18.4,0.0,0.0,0.0,32
2025-02-21,26.3,33.3,19.3,0.0,0.0,0.0,27
2025-02-22,26.5,34.3,18.6,0.0,0.0,0.0,28
2025-02-23,26.4,34.1,19.5,0.0,0.0,0.0,28
2025-02-24,26.2,33.2,19.1,0.0,0.0,0.0,27
2025-02-25,26.1,33.4,18.9,0.0,0.0,0.0,30
2025-02-26,26.5,33.8,19.7,0.0,0.0,0.0,32
2025-02-27,27.4,34.9,20.4,0.0,0.0,0.0,33
2025-02-28,27.8,36.0,20.8,0.0,0.0,0.0,34
2025-03-01,27.9,35.8,21.9,0.0,0.0,0.0,34
2025-03-02,27.1,34.3,20.9,0.0,0.0,0.0,31
2025-03-03,27.9,35.3,20.3,0.0,0.0,0.0,28
2025-03-04,27.3,35.0,20.3,0.0,0.0,0.0,31
2025-03-05,25.5,33.0,19.4,0.0,0.0,0.0,25
2025-03-06,25.3,34.2,16.6,0.0,0.0,0.0,18
2025-03-07,26.8,35.1,18.6,0.0,0.0,0.0,19
2025-03-08,27.9,36.1,19.2,0.0,0.0,0.0,20
2025-03-09,28.4,36.1,20.9,0.0,0.0,0.0,24
2025-03-10,28.9,36.4,21.7,0.0,0.0,0.0,27
2025-03-11,29.8,37.0,22.6,0.0,0.0,0.0,29
2025-03-12,30.1,37.8,22.7,0.0,0.0,0.0,28
2025-03-13,30.0,37.4,22.7,0.0,0.0,0.0,28
2025-03-14,29.5,36.4,22.1,0.0,0.0,0.0,21
2025-03-15,29.5,37.5,22.0,0.0,0.0,0.0,23
2025-03-16,28.8,36.0,22.7,0.0,0.0,0.0,25
2025-03-17,28.5,34.7,23.2,0.0,0.0,0.0,26
2025-03-18,28.3,36.7,20.6,0.0,0.0,0.0,28
2025-03-19,28.2,36.5,20.8,0.0,0.0,0.0,24
2025-03-20,27.5,34.4,21.0,0.0,0.0,0.0,23
2025-03-21,26.9,33.9,20.6,0.0,0.0,0.0,28
2025-03-22,27.3,34.9,18.8,0.0,0.0,0.0,24
2025-03-23,28.8,36.0,20.0,0.0,0.0,0.0,21
2025-03-24,29.6,36.5,22.3,0.0,0.0,0.0,23
2025-03-25,29.5,37.1,21.9,0.0,0.0,0.0,26
2025-03-26,28.9,37.2,22.1,0.0,0.0,0.0,31
2025-03-27,27.5,34.9,21.3,0.0,0.0,0.0,37
2025-03-28,28.8,37.4,20.9,0.0,0.0,0.0,36
2025-03-29,30.6,37.9,23.4,0.0,0.0,0.0,18
2025-03-30,31.4,39.0,24.1,0.0,0.0,0.0,18
2025-03-31,32.0,38.8,26.8,0.0,0.0,0.0,19
2025-04-01,30.5,38.3,25.4,0.1,0.1,1.0,25
2025-04-02,28.8,37.1,24.4,1.2,1.2,3.0,40
2025-04-03,28.0,35.9,22.1,5.9,5.9,1.0,48
2025-04-04,27.9,35.3,21.6,0.0,0.0,0.0,54
2025-04-05,30.2,38.2,21.9,0.0,0.0,0.0,26
2025-04-06,31.7,38.9,24.3,0.0,0.0,0.0,18
2025-04-07,31.7,40.2,23.0,0.0,0.0,0.0,20
2025-04-08,33.0,40.3,24.7,0.0,0.0,0.0,16
2025-04-09,32.8,40.1,26.5,0.0,0.0,0.0,18
2025-04-10,30.1,37.5,23.6,0.0,0.0,0.0,34
2025-04-11,28.9,36.2,22.9,0.0,0.0,0.0,34
2025-04-12,27.7,35.5,20.9,0.0,0.0,0.0,53
2025-04-13,28.7,36.5,21.0,0.0,0.0,0.0,48
2025-04-14,30.3,37.4,23.1,0.0,0.0,0.0,29
2025-04-15,31.1,38.5,24.7,0.0,0.0,0.0,25
2025-04-16,30.8,38.3,23.8,0.0,0.0,0.0,30
2025-04-17,30.3,38.7,23.5,0.0,0.0,0.0,35
2025-04-18,30.3,38.6,23.0,0.0,0.0,0.0,37
2025-04-19,30.4,37.7,24.6,0.0,0.0,0.0,33
2025-04-20,29.5,36.9,22.6,0.0,0.0,0.0,37
2025-04-21,30.5,38.5,22.5,0.0,0.0,0.0,36
2025-04-22,32.2,41.2,24.2,0.0,0.0,0.0,27
2025-04-23,32.3,39.9,24.5,0.0,0.0,0.0,23
2025-04-24,31.7,39.3,25.5,0.0,0.0,0.0,26
2025-04-25,30.8,38.4,24.0,0.0,0.0,0.0,29
2025-04-26,30.8,37.6,24.3,0.0,0.0,0.0,29
2025-04-27,30.8,39.0,21.8,0.0,0.0,0.0,35
2025-04-28,30.8,38.6,22.9,0.0,0.0,0.0,36
2025-04-29,31.0,38.6,23.2,0.0,0.0,0.0,41
2025-04-30,30.6,38.4,23.6,0.0,0.0,0.0,37
2025-05-01,31.8,39.8,25.6,0.0,0.0,0.0,28
2025-05-02,31.6,39.4,24.7,0.0,0.0,0.0,25
2025-05-03,29.6,37.1,23.7,0.0,0.0,0.0,36
2025-05-04,27.5,34.0,21.9,0.0,0.0,0.0,58
2025-05-05,28.2,35.5,22.4,0.1,0.1,1.0,59
2025-05-06,26.2,33.7,21.7,0.5,0.5,3.0,65
2025-05-07,25.5,32.6,21.4,0.8,0.8,2.0,68
2025-05-08,24.6,30.8,21.4,3.8,3.8,3.0,74
2025-05-09,25.4,31.6,20.7,2.2,2.2,6.0,70
2025-05-10,27.0,34.4,21.7,0.0,0.0,0.0,68
2025-05-11,27.6,35.3,22.3,1.4,1.4,2.0,67
2025-05-12,27.3,36.1,23.2,5.6,5.6,4.0,70
2025-05-13,26.2,33.7,23.0,12.7,12.7,6.0,77
2025-05-14,26.2,32.6,22.4,1.9,1.9,4.0,80
2025-05-15,26.4,32.2,23.3,3.7,3.7,6.0,80
2025-05-16,25.7,31.9,23.0,19.6,19.6,12.0,84
2025-05-17,26.5,31.6,23.1,4.3,4.3,4.0,80
2025-05-18,26.8,32.6,22.9,4.1,4.1,3.0,78
2025-05-19,26.6,32.6,23.3,7.4,7.4,6.0,81
2025-05-20,26.9,31.9,24.1,15.0,15.0,6.0,83
2025-05-21,26.2,30.1,22.8,7.3,7.3,5.0,78
2025-05-22,25.4,28.1,22.5,2.4,2.4,4.0,82
2025-05-23,25.6,28.2,23.1,0.0,0.0,0.0,81
2025-05-24,25.1,27.2,23.5,1.7,1.7,6.0,81
2025-05-25,25.7,30.7,23.4,16.9,16.9,9.0,83
2025-05-26,27.1,33.1,23.8,3.3,3.3,6.0,80
2025-05-27,25.8,30.3,23.4,2.8,2.8,4.0,84
2025-05-28,25.2,29.0,22.6,2.6,2.6,11.0,87
2025-05-29,26.7,31.9,23.4,2.3,2.3,6.0,81
2025-05-30,26.7,31.1,23.7,0.0,0.0,0.0,77
2025-05-31,26.1,30.7,23.7,0.8,0.8,5.0,79
2025-06-01,25.5,30.0,22.4,0.9,0.9,3.0,80
2025-06-02,25.3,30.0,22.2,0.3,0.3,2.0,79
2025-06-03,24.9,29.3,21.7,0.7,0.7,6.0,80
2025-06-04,23.9,28.6,21.3,5.1,5.1,10.0,85
2025-06-05,25.1,30.8,21.3,1.0,1.0,2.0,78
2025-06-06,25.7,32.0,21.5,6.7,6.7,4.0,79
2025-06-07,25.9,30.8,22.5,1.7,1.7,4.0,81
2025-06-08,26.4,31.3,23.1,1.0,1.0,3.0,78
2025-06-09,26.6,31.7,23.4,0.0,0.0,0.0,76
2025-06-10,26.5,31.6,22.8,0.0,0.0,0.0,74
2025-06-11,27.1,32.1,23.2,0.0,0.0,0.0,75
2025-06-12,27.1,33.2,24.5,8.1,8.1,6.0,79
2025-06-13,25.7,30.1,23.3,44.4,44.4,20.0,87
2025-06-14,26.2,32.3,23.0,36.9,36.9,12.0,86
2025-06-15,26.0,29.7,23.2,2.8,2.8,6.0,84
2025-06-16,23.8,26.3,22.8,9.4,9.4,19.0,93
2025-06-17,24.0,27.5,22.0,5.6,5.6,21.0,88
2025-06-18,24.3,27.6,22.2,20.9,20.9,24.0,91
2025-06-19,23.2,24.9,21.9,17.6,17.6,20.0,93
2025-06-20,24.3,28.2,22.2,2.5,2.5,17.0,87
2025-06-21,23.7,26.2,21.8,6.8,6.8,21.0,89
2025-06-22,23.5,26.9,21.9,5.3,5.3,21.0,90
2025-06-23,23.3,25.8,22.0,8.6,8.6,23.0,92
2025-06-24,23.3,25.2,22.2,14.9,14.9,17.0,92
2025-06-25,24.1,27.2,22.1,6.3,6.3,21.0,89
2025-06-26,23.1,25.2,21.9,14.1,14.1,24.0,94
2025-06-27,23.2,25.3,22.0,7.5,7.5,24.0,93
2025-06-28,23.0,26.0,21.3,10.6,10.6,24.0,91
2025-06-29,22.9,24.9,22.0,9.4,9.4,21.0,92
2025-06-30,23.3,26.6,21.6,5.1,5.1,22.0,90
2025-07-01,23.4,26.0,22.1,7.2,7.2,19.0,91
2025-07-02,23.5,26.1,22.2,9.6,9.6,21.0,90
2025-07-03,23.5,26.7,21.5,7.7,7.7,17.0,89
2025-07-04,23.2,25.5,21.7,5.8,5.8,23.0,92
2025-07-05,23.5,26.6,22.3,11.4,11.4,24.0,91
2025-07-06,22.8,24.0,22.1,22.2,22.2,23.0,94
2025-07-07,22.5,23.4,21.8,7.9,7.9,22.0,94
2025-07-08,23.0,25.6,21.7,5.9,5.9,14.0,92
2025-07-09,23.1,25.5,22.1,5.9,5.9,17.0,94
2025-07-10,24.3,28.4,22.0,1.2,1.2,7.0,86
2025-07-11,24.3,27.9,22.2,1.9,1.9,10.0,86
2025-07-12,24.2,27.7,22.3,2.8,2.8,13.0,85
2025-07-13,24.1,27.3,22.4,4.7,4.7,15.0,87
2025-07-14,23.9,26.5,22.2,12.3,12.3,20.0,90
2025-07-15,24.3,27.8,22.3,4.8,4.8,12.0,87
2025-07-16,25.0,28.5,22.5,2.6,2.6,14.0,85
2025-07-17,25.1,28.9,22.3,0.6,0.6,5.0,83
2025-07-18,24.6,27.8,22.0,0.2,0.2,2.0,83
2025-07-19,24.4,28.5,22.2,1.7,1.7,6.0,84
2025-07-20,24.5,27.7,21.9,3.4,3.4,18.0,86
2025-07-21,24.0,27.1,22.3,19.4,19.4,20.0,91
2025-07-22,24.2,26.8,22.3,2.0,2.0,11.0,88
2025-07-23,23.7,26.3,22.2,6.7,6.7,20.0,89
2025-07-24,23.7,26.5,21.5,4.0,4.0,18.0,89
2025-07-25,23.5,25.6,22.4,13.2,13.2,24.0,92
2025-07-26,23.3,25.0,22.4,9.3,9.3,22.0,93
2025-07-27,23.0,24.5,22.0,13.9,13.9,24.0,92
2025-07-28,23.0,25.3,21.8,8.5,8.5,23.0,91
2025-07-29,22.7,24.4,21.8,8.4,8.4,23.0,93
2025-07-30,23.5,25.7,22.2,2.2,2.2,19.0,91
2025-07-31,23.7,27.0,22.0,2.5,2.5,18.0,89
2025-08-01,23.9,27.3,21.8,2.3,2.3,14.0,86
2025-08-02,24.0,27.3,22.0,2.2,2.2,12.0,87
2025-08-03,24.2,27.8,21.7,1.8,1.8,11.0,85
2025-08-04,24.3,28.1,21.9,0.9,0.9,7.0,84
2025-08-05,24.5,28.5,21.5,1.7,1.7,8.0,83
2025-08-06,24.8,29.3,21.5,1.4,1.4,8.0,82
2025-08-07,24.6,28.9,21.9,7.2,7.2,7.0,84
2025-08-08,23.9,27.2,21.9,5.3,5.3,6.0,87
2025-08-09,23.9,27.5,21.9,1.2,1.2,7.0,86
2025-08-10,23.9,27.8,21.7,1.7,1.7,9.0,86
2025-08-11,23.7,27.5,21.7,1.9,1.9,7.0,87
2025-08-12,23.9,27.2,21.7,1.9,1.9,11.0,85
2025-08-13,23.7,27.8,21.8,5.7,5.7,15.0,89
2025-08-14,23.9,27.3,22.0,10.9,10.9,18.0,89
2025-08-15,23.7,27.1,21.9,8.8,8.8,14.0,90
2025-08-16,23.3,26.4,21.8,11.5,11.5,22.0,91
2025-08-17,23.7,27.8,21.5,4.6,4.6,19.0,88
2025-08-18,23.1,26.8,22.0,20.7,20.7,24.0,93
2025-08-19,23.3,26.7,22.1,22.7,22.7,23.0,93
2025-08-20,22.7,23.8,22.3,10.0,10.0,24.0,93
2025-08-21,23.2,26.3,22.0,9.8,9.8,24.0,91
2025-08-22,23.1,25.8,21.8,5.7,5.7,22.0,89
2025-08-23,22.6,25.0,21.3,7.2,7.2,21.0,90
2025-08-24,22.7,25.7,21.4,6.9,6.9,24.0,90
2025-08-25,22.4,23.7,21.4,13.8,13.8,20.0,94
2025-08-26,23.5,27.0,21.8,7.0,7.0,17.0,90
2025-08-27,23.6,26.1,22.0,6.4,6.4,13.0,89
2025-08-28,23.3,26.4,21.8,11.7,11.7,13.0,91
2025-08-29,23.4,26.8,21.5,14.3,14.3,20.0,91
2025-08-30,23.8,27.3,21.7,4.8,4.8,13.0,89
2025-08-31,23.8,27.2,21.7,1.9,1.9,9.0,88
2025-09-01,23.2,25.2,22.0,6.4,6.4,18.0,91
2025-09-02,23.7,26.6,21.8,1.6,1.6,11.0,87
2025-09-03,23.4,26.4,21.9,3.2,3.2,16.0,87
2025-09-04,22.5,24.6,21.2,10.2,10.2,20.0,92
2025-09-05,23.2,26.2,22.0,10.1,10.1,14.0,91
2025-09-06,21.9,24.0,20.9,43.4,43.4,15.0,94
2025-09-07,22.7,25.7,20.9,6.5,6.5,21.0,90
2025-09-08,23.1,26.6,20.8,2.1,2.1,15.0,88
2025-09-09,23.5,28.1,20.3,0.1,0.1,1.0,83
2025-09-10,23.5,28.7,19.4,1.4,1.4,5.0,81
2025-09-11,23.2,28.0,19.5,0.7,0.7,5.0,84
2025-09-12,23.2,26.2,20.2,0.9,0.9,5.0,85
2025-09-13,23.5,28.2,21.1,17.6,17.6,15.0,89
2025-09-14,23.6,28.3,21.8,31.3,31.3,17.0,90
2025-09-15,23.8,28.7,21.7,11.1,11.1,11.0,89
2025-09-16,23.5,26.5,21.5,4.1,4.1,7.0,89
2025-09-17,23.8,28.4,21.3,5.7,5.7,9.0,89
2025-09-18,24.0,27.8,21.7,10.7,10.7,10.0,89
2025-09-19,23.8,27.3,21.7,8.0,8.0,14.0,90
2025-09-20,23.8,27.1,21.7,5.3,5.3,10.0,90
2025-09-21,24.1,28.1,22.1,2.0,2.0,8.0,88
2025-09-22,23.7,26.6,22.0,4.0,4.0,14.0,90
2025-09-23,23.4,27.1,21.5,1.8,1.8,5.0,87
2025-09-24,23.2,27.2,21.1,1.5,1.5,8.0,85
2025-09-25,23.6,28.2,20.7,1.3,1.3,7.0,83
2025-09-26,23.2,26.7,21.0,18.6,18.6,5.0,89
2025-09-27,24.1,28.0,22.2,12.6,12.6,11.0,88
2025-09-28,22.4,23.6,21.6,82.9,82.9,21.0,95
2025-09-29,22.0,24.3,20.6,3.4,3.4,18.0,91
2025-09-30,22.7,26.9,20.5,1.0,1.0,5.0,87
2025-10-01,23.4,27.3,20.8,0.4,0.4,4.0,85
2025-10-02,23.4,27.7,20.5,2.3,2.3,5.0,85
2025-10-03,23.9,28.7,21.1,1.4,1.4,6.0,86
2025-10-04,23.8,28.6,21.3,2.7,2.7,5.0,87
2025-10-05,23.1,26.8,20.7,1.9,1.9,7.0,87
2025-10-06,23.1,27.8,20.2,0.3,0.3,2.0,83
2025-10-07,22.8,27.1,19.9,2.2,2.2,6.0,87
2025-10-08,23.6,28.2,19.7,0.1,0.1,1.0,79
2025-10-09,23.8,28.6,19.7,0.0,0.0,0.0,70
2025-10-10,23.6,29.0,19.0,0.0,0.0,0.0,67
2025-10-11,23.6,28.8,19.0,0.0,0.0,0.0,67
2025-10-12,23.6,29.0,18.8,0.0,0.0,0.0,63
2025-10-13,24.1,30.2,18.9,0.0,0.0,0.0,57
2025-10-14,24.2,30.2,18.5,0.0,0.0,0.0,54
2025-10-15,24.6,30.4,19.4,0.2,0.2,2.0,61
2025-10-16,25.8,31.1,20.9,1.3,1.3,3.0,70
2025-10-17,26.0,31.1,21.8,0.1,0.1,1.0,67
2025-10-18,25.7,30.9,21.8,0.3,0.3,3.0,69
2025-10-19,25.4,29.8,21.9,0.5,0.5,4.0,68
2025-10-20,25.5,30.2,21.1,0.0,0.0,0.0,63
2025-10-21,24.8,30.0,21.0,2.6,2.6,7.0,72
2025-10-22,25.4,30.5,21.9,0.7,0.7,4.0,77
2025-10-23,26.5,31.2,22.7,0.0,0.0,0.0,71
2025-10-24,25.4,30.1,22.1,3.6,3.6,9.0,76
2025-10-25,23.5,29.4,21.3,11.8,11.8,11.0,88
2025-10-26,22.9,27.9,21.2,29.6,29.6,17.0,91
2025-10-27,23.5,28.6,21.2,19.8,19.8,18.0,88
2025-10-28,23.9,28.4,21.5,3.6,3.6,5.0,86
2025-10-29,23.4,26.4,21.4,6.9,6.9,13.0,89
2025-10-30,22.8,25.2,21.1,4.0,4.0,8.0,88
2025-10-31,23.0,27.9,19.7,1.3,1.3,5.0,88
2025-11-01,23.7,27.5,21.6,0.9,0.9,8.0,90
2025-11-02,23.4,27.5,21.2,1.6,1.6,5.0,89
2025-11-03,23.6,27.7,21.2,0.5,0.5,5.0,86
2025-11-04,22.9,26.6,20.4,0.6,0.6,5.0,84
2025-11-05,22.8,28.0,19.7,0.0,0.0,0.0,77
2025-11-06,22.3,27.8,17.7,0.0,0.0,0.0,73
2025-11-07,22.0,27.8,16.7,0.0,0.0,0.0,61
2025-11-08,21.7,28.4,16.5,0.0,0.0,0.0,59
2025-11-09,21.4,27.8,15.5,0.0,0.0,0.0,53
2025-11-10,21.1,27.6,14.9,0.0,0.0,0.0,50
2025-11-11,20.9,27.6,14.8,0.0,0.0,0.0,49
2025-11-12,20.8,27.6,14.8,0.0,0.0,0.0,50
2025-11-13,20.6,27.4,15.0,0.0,0.0,0.0,51
2025-11-14,20.7,27.6,14.7,0.0,0.0,0.0,54
2025-11-15,20.4,27.2,14.4,0.0,0.0,0.0,53
2025-11-16,19.9,26.8,14.2,0.0,0.0,0.0,54
2025-11-17,19.6,26.5,14.1,0.0,0.0,0.0,53
2025-11-18,19.1,26.3,12.5,0.0,0.0,0.0,53
2025-11-19,20.0,27.8,13.4,0.0,0.0,0.0,55
2025-11-20,20.2,27.6,14.0,0.0,0.0,0.0,56
2025-11-21,21.0,28.5,14.7,0.0,0.0,0.0,61
2025-11-22,23.1,30.6,17.1,0.0,0.0,0.0,62
2025-11-23,23.8,30.5,18.3,0.0,0.0,0.0,67
2025-11-24,24.0,29.8,19.5,0.0,0.0,0.0,67
2025-11-25,24.2,29.7,19.3,0.0,0.0,0.0,62
2025-11-26,24.0,29.8,18.5,0.0,0.0,0.0,58
2025-11-27,22.7,28.4,17.8,0.0,0.0,0.0,58
2025-11-28,22.1,27.8,17.5,0.0,0.0,0.0,64
2025-11-29,20.5,26.7,15.8,0.0,0.0,0.0,53
2025-11-30,19.9,26.5,14.6,0.0,0.0,0.0,49
2025-12-01,20.0,27.0,14.2,0.0,0.0,0.0,51
2025-12-02,20.0,27.0,14.0,0.0,0.0,0.0,56
2025-12-03,19.9,27.0,13.8,0.0,0.0,0.0,60
2025-12-04,20.5,27.2,15.3,0.0,0.0,0.0,61
2025-12-05,20.7,27.4,15.1,0.0,0.0,0.0,62
2025-12-06,20.2,26.7,14.3,0.0,0.0,0.0,58
2025-12-07,20.5,27.6,14.9,0.0,0.0,0.0,56
2025-12-08,20.1,27.8,14.1,0.0,0.0,0.0,49
2025-12-09,20.0,27.9,13.3,0.0,0.0,0.0,42
2025-12-10,20.0,27.7,13.6,0.0,0.0,0.0,41
2025-12-11,19.5,27.0,12.8,0.0,0.0,0.0,44
2025-12-12,19.7,27.4,13.5,0.0,0.0,0.0,44
2025-12-13,20.5,28.5,13.6,0.0,0.0,0.0,45
2025-12-14,20.6,28.2,14.5,0.0,0.0,0.0,49
2025-12-15,19.8,27.4,13.9,0.0,0.0,0.0,48
2025-12-16,19.7,27.4,13.3,0.0,0.0,0.0,52
2025-12-17,20.4,28.7,13.7,0.0,0.0,0.0,57
2025-12-18,20.7,28.9,14.1,0.0,0.0,0.0,51
2025-12-19,20.3,29.0,13.8,0.0,0.0,0.0,43
2025-12-20,20.0,28.4,13.8,0.0,0.0,0.0,40
2025-12-21,19.5,26.5,13.6,0.0,0.0,0.0,41
2025-12-22,19.7,27.4,13.1,0.0,0.0,0.0,46
2025-12-23,20.2,27.8,13.7,0.0,0.0,0.0,47
2025-12-24,19.9,26.8,13.8,0.0,0.0,0.0,46
2025-12-25,19.9,26.9,13.8,0.0,0.0,0.0,45
2025-12-26,19.7,26.9,13.1,0.0,0.0,0.0,50
2025-12-27,20.2,27.4,13.9,0.0,0.0,0.0,48
2025-12-28,20.1,27.3,13.5,0.0,0.0,0.0,51
2025-12-29,19.9,27.1,13.3,0.0,0.0,0.0,49
2025-12-30,19.9,28.3,12.9,0.0,0.0,0.0,50
2025-12-31,19.7,27.1,13.5,0.0,0.0,0.0,58
2026-01-01,20.3,26.3,14.8,0.0,0.0,0.0,66
2026-01-02,20.9,27.7,15.0,0.0,0.0,0.0,64
2026-01-03,21.6,28.1,15.8,0.0,0.0,0.0,60
2026-01-04,21.7,27.1,16.9,0.0,0.0,0.0,61
2026-01-05,21.1,26.9,16.1,0.0,0.0,0.0,64
2026-01-06,21.1,27.5,15.0,0.0,0.0,0.0,57
2026-01-07,20.8,27.9,14.2,0.0,0.0,0.0,45
2026-01-08,20.4,26.9,14.3,0.0,0.0,0.0,36
2026-01-09,19.4,26.3,13.1,0.0,0.0,0.0,35
2026-01-10,19.2,26.1,13.5,0.0,0.0,0.0,44
2026-01-11,19.3,26.3,13.2,0.0,0.0,0.0,45
2026-01-12,20.5,28.0,14.0,0.0,0.0,0.0,49
2026-01-13,22.2,28.5,16.6,0.2,0.2,2.0,55
2026-01-14,21.9,28.2,17.6,0.1,0.1,1.0,59
2026-01-15,20.7,27.5,14.7,0.0,0.0,0.0,54
2026-01-16,21.7,29.8,15.0,0.0,0.0,0.0,55
2026-01-17,21.5,29.0,15.6,0.0,0.0,0.0,53
2026-01-18,20.2,26.4,15.7,0.0,0.0,0.0,57
2026-01-19,18.8,26.2,12.0,0.0,0.0,0.0,64
2026-01-20,20.0,26.8,14.2,0.0,0.0,0.0,59
2026-01-21,21.4,28.1,15.3,0.0,0.0,0.0,55
2026-01-22,21.8,27.9,16.1,0.0,0.0,0.0,48
2026-01-23,20.8,27.1,16.0,0.0,0.0,0.0,61
2026-01-24,20.2,27.1,14.4,0.0,0.0,0.0,66
2026-01-25,20.6,27.1,14.8,0.0,0.0,0.0,62
2026-01-26,22.0,29.2,15.3,0.0,0.0,0.0,56
2026-01-27,21.8,26.6,17.8,1.0,1.0,3.0,67
2026-01-28,20.3,26.8,14.2,0.0,0.0,0.0,60
2026-01-29,21.1,27.9,15.5,0.0,0.0,0.0,57
2026-01-30,22.5,28.8,17.2,0.0,0.0,0.0,62
2026-01-31,22.9,29.2,17.6,0.0,0.0,0.0,61
2026-02-01,22.2,28.7,16.4,0.0,0.0,0.0,57
2026-02-02,22.1,28.5,16.5,0.0,0.0,0.0,46
2026-02-03,22.1,28.8,16.3,0.0,0.0,0.0,48
2026-02-04,22.3,28.7,16.9,0.0,0.0,0.0,51
2026-02-05,22.4,28.8,16.7,0.0,0.0,0.0,48
2026-02-06,22.3,28.6,16.9,0.0,0.0,0.0,46
2026-02-07,22.4,28.9,16.4,0.0,0.0,0.0,47
2026-02-08,22.4,29.3,16.1,0.0,0.0,0.0,48
2026-02-09,22.9,30.7,16.1,0.0,0.0,0.0,48
2026-02-10,23.3,30.6,16.9,0.0,0.0,0.0,49
2026-02-11,23.6,30.5,18.0,0.0,0.0,0.0,47
2026-02-12,24.1,30.8,18.2,0.0,0.0,0.0,41
2026-02-13,23.9,30.8,17.6,0.0,0.0,0.0,44
2026-02-14,23.9,30.6,17.1,0.0,0.0,0.0,43
2026-02-15,24.3,30.9,17.7,0.0,0.0,0.0,42
2026-02-16,24.4,31.0,18.3,0.0,0.0,0.0,43
2026-02-17,24.3,30.4,18.9,0.0,0.0,0.0,48
2026-02-18,23.8,30.0,18.4,0.0,0.0,0.0,55
2026-02-19,24.3,30.3,18.8,0.0,0.0,0.0,54
2026-02-20,25.2,32.2,19.1,0.0,0.0,0.0,48
2026-02-21,25.5,32.7,19.0,0.0,0.0,0.0,46
2026-02-22,25.4,32.4,18.6,0.0,0.0,0.0,37
2026-02-23,25.4,31.6,19.5,0.0,0.0,0.0,34
2026-02-24,25.1,31.9,19.0,0.0,0.0,0.0,35
2026-02-25,25.0,31.9,19.3,0.0,0.0,0.0,39
2026-02-26,23.9,31.1,17.6,0.0,0.0,0.0,49
2026-02-27,22.1,29.0,16.5,0.0,0.0,0.0,56
2026-02-28,22.1,29.1,16.3,0.0,0.0,0.0,58
2026-03-01,23.4,32.0,16.2,0.0,0.0,0.0,52
2026-03-02,25.4,33.4,18.2,0.0,0.0,0.0,53
2026-03-03,26.9,33.8,19.6,0.0,0.0,0.0,40
2026-03-04,27.1,34.7,19.7,0.0,0.0,0.0,34
2026-03-05,27.4,34.9,20.6,0.0,0.0,0.0,31
2026-03-06,27.3,34.6,20.3,0.0,0.0,0.0,32
2026-03-07,27.7,35.5,19.8,0.0,0.0,0.0,34
2026-03-08,28.3,36.7,21.0,0.0,0.0,0.0,27
2026-03-09,28.0,36.1,20.9,0.0,0.0,0.0,24
2026-03-10,28.4,36.4,21.0,0.0,0.0,0.0,24
2026-03-11,28.8,36.1,22.0,0.0,0.0,0.0,26
2026-03-12,29.1,36.8,21.7,0.0,0.0,0.0,24
2026-03-13,29.1,36.1,21.6,0.0,0.0,0.0,23
2026-03-14,28.4,35.2,21.5,0.0,0.0,0.0,25
2026-03-15,26.8,33.7,21.0,0.0,0.0,0.0,31
2026-03-16,25.7,32.9,19.3,0.0,0.0,0.0,43
2026-03-17,25.2,33.6,18.8,0.0,0.0,0.0,42
2026-03-18,25.4,33.7,19.0,0.0,0.0,0.0,47
2026-03-19,24.9,31.4,19.6,0.0,0.0,0.0,51
2026-03-20,24.0,30.7,17.9,0.0,0.0,0.0,53
2026-03-21,25.2,31.9,18.3,0.0,0.0,0.0,37
2026-03-22,26.6,33.1,19.8,0.0,0.0,0.0,31
2026-03-23,27.7,34.7,21.2,0.0,0.0,0.0,32
2026-03-24,28.2,35.2,21.6,0.0,0.0,0.0,32
2026-03-25,28.2,34.5,21.9,0.0,0.0,0.0,34
2026-03-26,29.2,36.1,22.1,0.0,0.0,0.0,36
2026-03-27,29.7,36.2,24.4,0.0,0.0,0.0,28
2026-03-28,27.6,35.4,21.8,0.0,0.0,0.0,37
2026-03-29,26.8,33.7,21.6,0.1,0.1,1.0,56
2026-03-30,27.5,34.9,20.7,0.1,0.1,1.0,49
2026-03-31,27.2,33.7,20.9,0.0,0.0,0.0,52
2026-04-01,27.3,34.2,21.5,0.0,0.0,0.0,55
2026-04-02,26.0,34.3,21.3,2.2,2.2,5.0,63
2026-04-03,25.6,33.4,19.6,0.0,0.0,0.0,58
2026-04-04,24.7,30.5,19.3,0.1,0.1,1.0,62
2026-04-05,24.9,31.4,19.6,0.0,0.0,0.0,57
2026-04-06,24.3,31.3,18.6,0.0,0.0,0.0,61
2026-04-07,25.2,31.9,19.2,0.0,0.0,0.0,59
2026-04-08,25.6,32.4,20.9,0.1,0.1,1.0,65
2026-04-09,26.0,32.2,20.4,0.0,0.0,0.0,55
2026-04-10,28.3,35.4,21.0,0.0,0.0,0.0,34
2026-04-11,30.1,38.5,22.8,0.0,0.0,0.0,36
2026-04-12,30.7,38.9,23.0,0.0,0.0,0.0,32
2026-04-13,30.2,38.0,22.5,0.0,0.0,0.0,37
2026-04-14,30.2,38.2,22.7,0.0,0.0,0.0,37
2026-04-15,30.0,38.1,22.7,0.0,0.0,0.0,29
2026-04-16,29.1,37.2,21.3,0.0,0.0,0.0,29
2026-04-17,30.0,38.0,22.0,0.0,0.0,0.0,32
2026-04-18,31.6,39.5,24.8,0.0,0.0,0.0,25
2026-04-19,31.1,39.0,24.5,0.0,0.0,0.0,31
2026-04-20,31.1,38.6,24.8,0.0,0.0,0.0,31
2026-04-21,31.1,38.5,23.8,0.0,0.0,0.0,31
2026-04-22,31.5,38.2,25.1,0.0,0.0,0.0,28
2026-04-23,31.1,38.7,24.7,0.0,0.0,0.0,28
2026-04-24,31.7,38.1,25.2,0.0,0.0,0.0,28
2026-04-25,32.9,40.4,24.8,0.0,0.0,0.0,25
2026-04-26,33.5,40.3,27.0,0.0,0.0,0.0,20
2026-04-27,31.7,38.7,24.9,0.0,0.0,0.0,39
2026-04-28,31.2,38.5,25.5,0.0,0.0,0.0,35
2026-04-29,30.7,37.9,24.8,0.0,0.0,0.0,34
2026-04-30,29.1,36.5,23.1,0.0,0.0,0.0,44
2026-05-01,28.1,35.5,22.9,0.0,0.0,0.0,61
2026-05-02,28.5,36.2,22.6,0.0,0.0,0.0,62
2026-05-03,28.5,36.2,22.8,0.0,0.0,0.0,58
2026-05-04,27.9,35.3,22.4,0.0,0.0,0.0,62
2026-05-05,28.6,35.9,22.6,0.0,0.0,0.0,60
2026-05-06,28.9,35.9,22.3,0.0,0.0,0.0,54
2026-05-07,30.8,37.1,24.5,0.0,0.0,0.0,43
2026-05-08,30.8,37.6,24.1,0.0,0.0,0.0,42
2026-05-09,32.1,39.1,25.0,0.0,0.0,0.0,28
2026-05-10,32.9,40.5,25.0,0.0,0.0,0.0,29
2026-05-11,33.9,41.2,27.2,0.0,0.0,0.0,25
2026-05-12,33.0,40.9,26.5,0.0,0.0,0.0,30
2026-05-13,31.9,39.0,26.0,0.5,0.5,3.0,41
2026-05-14,30.9,38.0,24.7,0.0,0.0,0.0,46
2026-05-15,30.2,36.2,25.3,0.0,0.0,0.0,46
2026-05-16,30.5,37.6,23.4,0.0,0.0,0.0,54
2026-05-17,31.5,37.7,24.4,0.0,0.0,0.0,39
2026-05-18,31.7,39.2,24.8,0.0,0.0,0.0,39
2026-05-19,30.4,37.0,25.2,0.1,0.1,1.0,46
2026-05-20,28.8,36.0,23.2,1.3,1.3,4.0,62
2026-05-21,29.5,35.4,24.4,0.3,0.3,2.0,61
2026-05-22,29.5,36.7,25.1,1.2,1.2,6.0,63
2026-05-23,29.0,34.7,25.0,4.0,4.0,5.0,67
2026-05-24,28.4,33.6,24.9,4.3,4.3,8.0,71
2026-05-25,28.5,34.5,24.3,8.2,8.2,5.0,71
2026-05-26,29.2,34.8,24.6,0.1,0.1,1.0,68
2026-05-27,29.3,36.1,24.7,0.0,0.0,0.0,64
2026-05-28,29.0,35.8,24.0,0.0,0.0,0.0,64
2026-05-29,28.7,35.5,23.8,0.0,0.0,0.0,65
2026-05-30,28.8,35.1,24.6,0.1,0.1,1.0,66
2026-05-31,28.9,34.6,24.8,1.8,1.8,8.0,66
2026-06-01,29.2,35.6,24.3,0.1,0.1,1.0,64
2026-06-02,28.0,35.0,24.0,2.0,2.0,6.0,66
2026-06-03,28.3,35.4,23.5,3.2,3.2,3.0,67
2026-06-04,28.3,34.8,23.4,4.8,4.8,4.0,68
2026-06-05,28.9,34.7,24.5,0.5,0.5,3.0,67
2026-06-06,29.4,35.4,24.6,0.1,0.1,1.0,63
2026-06-07,29.2,35.1,24.5,0.0,0.0,0.0,63
2026-06-08,28.8,34.1,24.7,0.3,0.3,2.0,64
2026-06-09,28.6,34.4,24.5,0.0,0.0,0.0,66
2026-06-10,28.8,35.0,24.3,0.1,0.1,1.0,66
2026-06-11,28.9,34.9,24.4,0.0,0.0,0.0,67
2026-06-12,28.8,34.9,24.6,0.1,0.1,1.0,68
2026-06-13,28.5,34.5,24.3,0.4,0.4,3.0,67
2026-06-14,28.3,34.3,24.4,0.7,0.7,1.0,65
2026-06-15,28.1,33.8,24.1,0.7,0.7,2.0,65
2026-06-16,28.4,34.1,23.8,0.4,0.4,3.0,63
2026-06-17,28.1,33.9,24.2,0.1,0.1,1.0,64
2026-06-18,28.1,33.3,23.8,0.4,0.4,2.0,62
2026-06-19,28.1,33.7,23.5,0.2,0.2,2.0,61
2026-06-20,28.2,34.3,23.5,2.2,2.2,3.0,63
2026-06-21,28.1,34.5,23.9,3.2,3.2,5.0,64
2026-06-22,26.5,31.0,23.8,9.8,9.8,9.0,76
2026-06-23,25.0,30.1,22.7,11.0,11.0,11.0,84
2026-06-24,23.5,26.7,21.9,2.5,2.5,6.0,84
2026-06-25,25.7,29.9,22.6,2.8,2.8,8.0,77
2026-06-26,26.3,31.3,23.2,0.9,0.9,7.0,77
2026-06-27,27.1,32.0,23.3,0.2,0.2,1.0,74
2026-06-28,26.4,31.7,23.9,0.6,0.6,3.0,77
2026-06-29,25.7,29.3,23.5,1.2,1.2,6.0,80
2026-06-30,24.6,28.0,23.0,7.2,7.2,15.0,87
2026-07-01,23.8,26.8,22.8,27.3,27.3,24.0,93
2026-07-02,23.5,26.9,22.2,10.5,10.5,21.0,92
2026-07-03,23.2,24.7,22.3,13.6,13.6,24.0,95
2026-07-04,23.1,24.8,22.3,21.6,21.6,24.0,95
2026-07-05,24.3,27.4,22.4,13.8,13.8,17.0,90
2026-07-06,23.8,25.4,23.0,42.1,42.1,24.0,95
2026-07-07,23.6,24.5,23.0,92.7,92.7,23.0,96
2026-07-08,24.0,26.1,22.9,27.0,27.0,17.0,93
2026-07-09,25.4,28.6,23.5,1.2,1.2,11.0,85
2026-07-10,25.4,29.0,23.1,0.7,0.7,7.0,81
2026-07-11,25.4,29.1,23.1,0.1,0.1,1.0,81
2026-07-12,25.6,29.7,22.9,0.1,0.1,1.0,81
2026-07-13,25.4,29.4,22.8,0.0,0.0,0.0,79
2026-07-14,25.1,29.1,22.3,0.2,0.2,2.0,79
2026-07-15,24.3,28.1,22.3,1.8,1.8,7.0,84
2026-07-16,24.9,28.3,22.4,1.2,1.2,7.0,83
2026-07-17,24.2,27.3,23.0,16.9,16.9,13.0,90
2026-07-18,24.1,26.6,22.5,8.3,8.3,15.0,88
2026-07-19,23.5,26.0,22.1,16.9,16.9,14.0,92
2026-07-20,23.6,26.0,22.3,10.7,10.7,18.0,91
2026-07-21,23.4,26.0,22.4,13.9,13.9,23.0,92
2026-07-22,23.1,24.7,22.2,53.6,53.6,24.0,94
2026-07-23,22.7,24.1,21.4,98.1,98.1,24.0,95
2026-07-24,23.2,25.5,21.8,23.4,23.4,24.0,92
2026-07-25,23.3,26.6,21.5,8.8,8.8,23.0,91
2026-07-26,23.6,26.6,22.2,7.2,7.2,14.0,91
2026-07-27,24.1,27.1,22.2,7.7,7.7,14.0,89
2026-07-28,24.5,27.0,22.7,1.8,1.8,12.0,86
2026-07-29,24.4,26.4,23.1,5.7,5.7,22.0,89
2026-07-30,24.2,26.0,23.2,5.3,5.3,19.0,90
2026-07-31,23.2,23.5,22.8,37.2,37.2,24.0,95
2026-08-01,23.5,25.3,22.3,10.7,10.7,23.0,92
2026-08-02,24.0,26.4,22.5,7.4,7.4,22.0,90
2026-08-03,24.4,27.5,22.9,5.1,5.1,20.0,88
2026-08-04,24.4,28.0,22.3,4.9,4.9,16.0,87
2026-08-05,24.1,26.7,22.6,3.9,3.9,10.0,87
2026-08-06,24.6,28.1,22.4,2.1,2.1,12.0,85
2026-08-07,24.2,27.6,22.5,1.0,1.0,9.0,84
2026-08-08,24.4,27.4,22.4,2.0,2.0,13.0,85
2026-08-09,24.4,27.0,22.8,3.1,3.1,13.0,85
2026-08-10,24.0,27.2,22.3,1.8,1.8,11.0,85
2026-08-11,23.8,26.3,22.4,4.1,4.1,12.0,88
2026-08-12,24.1,27.0,22.6,1.2,1.2,10.0,86
2026-08-13,23.5,26.0,22.4,4.9,4.9,20.0,90
2026-08-14,23.9,27.2,22.3,2.3,2.3,14.0,86
2026-08-15,23.9,26.8,21.9,3.3,3.3,15.0,87
2026-08-16,24.0,27.7,21.8,1.8,1.8,13.0,85
2026-08-17,23.3,25.9,22.1,4.5,4.5,18.0,89
2026-08-18,23.9,27.0,21.9,4.0,4.0,14.0,87
2026-08-19,24.3,27.2,22.2,2.4,2.4,8.0,85
2026-08-20,24.4,27.4,22.5,1.4,1.4,12.0,84
2026-08-21,23.6,27.2,22.0,5.6,5.6,15.0,87
2026-08-22,23.4,26.7,21.6,3.8,3.8,13.0,90
2026-08-23,24.4,28.1,22.3,1.5,1.5,12.0,86
2026-08-24,24.4,28.1,21.8,1.8,1.8,4.0,84
2026-08-25,24.2,27.6,22.1,2.8,2.8,12.0,84
2026-08-26,24.5,27.9,21.9,0.2,0.2,2.0,82
2026-08-27,24.2,27.5,22.2,1.1,1.1,9.0,84
2026-08-28,24.0,27.5,22.1,2.3,2.3,15.0,85
2026-08-29,23.9,27.4,22.0,1.2,1.2,9.0,84
2026-08-30,24.2,27.9,21.9,0.7,0.7,7.0,83
2026-08-31,24.1,27.5,22.1,1.3,1.3,8.0,83
2026-09-01,24.0,27.5,22.1,2.8,2.8,16.0,85
2026-09-02,23.8,26.9,21.9,3.4,3.4,13.0,86
2026-09-03,23.9,27.0,21.9,2.0,2.0,7.0,84
2026-09-04,23.9,27.3,21.9,2.0,2.0,12.0,84
2026-09-05,23.6,26.6,21.8,4.8,4.8,12.0,86
2026-09-06,23.8,27.7,21.3,2.3,2.3,6.0,84
2026-09-07,23.6,27.2,21.6,2.7,2.7,12.0,85
2026-09-08,23.4,26.9,21.3,2.2,2.2,7.0,86
2026-09-09,24.0,28.4,21.1,1.4,1.4,6.0,82
2026-09-10,24.0,27.6,21.5,2.1,2.1,7.0,84
2026-09-11,24.5,29.1,21.3,0.3,0.3,3.0,80
2026-09-12,23.0,26.2,21.3,15.6,15.6,14.0,90
2026-09-13,22.3,23.7,21.6,28.1,28.1,20.0,95
2026-09-14,23.1,26.3,21.2,6.2,6.2,13.0,89
2026-09-15,23.6,27.4,21.3,0.9,0.9,9.0,85
2026-09-16,24.3,29.3,21.5,1.5,1.5,4.0,84
2026-09-17,24.1,28.2,21.9,4.3,4.3,10.0,88
2026-09-18,24.0,26.9,21.9,3.9,3.9,9.0,87
2026-09-19,24.5,28.9,21.6,0.3,0.3,2.0,81
2026-09-20,24.8,29.5,21.2,2.1,2.1,6.0,83
2026-09-21,25.5,30.6,23.0,2.1,2.1,4.0,83
2026-09-22,25.0,28.6,22.5,2.7,2.7,8.0,86
2026-09-23,25.3,29.8,22.7,0.8,0.8,7.0,83
2026-09-24,25.7,29.8,23.1,0.8,0.8,3.0,82
2026-09-25,25.2,29.1,22.6,0.0,0.0,0.0,81
2026-09-26,24.5,28.2,22.2,0.0,0.0,0.0,80
2026-09-27,24.5,29.0,21.4,0.0,0.0,0.0,79
2026-09-28,24.6,30.5,20.5,2.6,2.6,4.0,80
2026-09-29,25.5,30.4,22.3,1.1,1.1,4.0,76
2026-09-30,25.8,31.7,21.0,1.0,1.0,3.0,69
2026-10-01,27.4,32.4,22.3,0.2,0.2,2.0,58
2026-10-02,27.8,33.3,22.9,0.0,0.0,0.0,51
2026-10-03,26.7,32.6,21.6,0.0,0.0,0.0,48
2026-10-04,26.2,32.0,20.8,0.0,0.0,0.0,55
2026-10-05,26.4,32.1,21.6,0.0,0.0,0.0,61
2026-10-06,26.6,32.1,21.8,0.1,0.1,1.0,64
