commodity,horizon_days,method,is_best_baseline,n_validation,n_holdout,val_mae,val_rmse,val_median_ae,val_vs_best_baseline_pct,folds_won_vs_baseline,val_diff_ci_low,val_diff_ci_high,holdout_mae,holdout_rmse,holdout_median_ae,holdout_vs_best_baseline_pct,fold_maes
Onion,1,persistence,True,254,117,49.8167,76.0660,30.0000,0.0000,0,0.0000,0.0000,65.3074,99.1160,50.0000,0.0000,81.4 34.3 34.7 68.5 33.2
Onion,1,rolling_mean_7d,False,254,117,93.3290,146.7032,55.0833,-87.3447,0,26.0368,62.8158,122.7090,186.7567,66.6667,-87.8947,155.8 46.5 54.5 149.3 69.2
Onion,1,ridge_core,False,254,117,49.3616,74.4969,32.7219,0.9136,1,-1.3461,0.3775,66.2358,97.1088,48.6086,-1.4216,81.5 34.7 34.9 65.5 33.3
Onion,1,ridge_extended,False,254,117,49.2648,74.2068,32.3016,1.1078,2,-1.7356,0.5873,65.7826,96.0750,47.6492,-0.7278,82.1 34.7 35.1 64.4 33.0
Onion,1,rf_core,False,254,117,53.3095,79.6217,34.6343,-7.0114,0,0.7866,7.2149,69.8241,99.7204,49.1874,-6.9161,85.1 35.1 37.1 76.8 36.0
Onion,1,rf_extended,False,254,117,53.5877,79.1736,37.6162,-7.5698,1,0.7994,7.2130,66.9103,94.3507,48.0597,-2.4545,87.6 33.5 38.2 74.8 37.7
Onion,1,xgb_core,False,254,117,56.5234,85.2337,34.9919,-13.4627,0,2.4292,11.7071,74.8427,108.1037,53.6374,-14.6008,93.5 35.4 36.6 83.7 37.4
Onion,1,xgb_extended,False,254,117,58.7004,88.3155,36.1786,-17.8328,0,4.0836,15.0471,69.9779,102.0619,51.2184,-7.1517,100.9 36.2 38.6 83.3 39.0
Onion,2,persistence,True,247,114,76.1715,119.9262,50.0000,0.0000,0,0.0000,0.0000,93.1925,142.3223,50.0000,0.0000,136.9 43.5 47.7 108.6 54.1
Onion,2,rolling_mean_7d,False,247,114,113.4121,176.2101,65.0000,-48.8904,0,22.3040,56.7304,135.0208,207.5061,74.1575,-44.8837,198.7 51.1 66.3 180.2 86.8
Onion,2,ridge_core,False,247,114,76.7421,119.2538,48.2422,-0.7491,1,-0.2695,1.4660,92.6518,139.6949,54.4820,0.5803,137.9 43.9 48.1 107.9 56.0
Onion,2,ridge_extended,False,247,114,76.6926,119.0310,49.0224,-0.6840,1,-0.7080,1.7642,90.6730,136.4917,57.1058,2.7035,139.5 43.7 48.3 106.6 55.6
Onion,2,rf_core,False,247,114,84.3185,127.3137,50.8557,-10.6955,0,3.1245,14.5370,94.9938,142.4034,59.7945,-1.9329,152.6 47.3 52.1 123.4 57.2
Onion,2,rf_extended,False,247,114,81.5711,124.7311,51.6207,-7.0886,0,1.2683,11.5051,90.2667,132.3202,59.9174,3.1395,147.2 44.8 55.0 116.3 55.3
Onion,2,xgb_core,False,247,114,92.4927,137.7049,57.8630,-21.4269,0,8.8896,24.7646,94.0117,141.2036,60.6852,-0.8790,171.4 52.4 54.9 135.6 60.6
Onion,2,xgb_extended,False,247,114,88.6261,137.4254,56.1570,-16.3507,0,4.3470,25.5807,89.4286,130.0723,59.9200,4.0389,157.8 43.6 61.7 135.5 56.3
Onion,3,persistence,True,243,111,94.5026,149.9262,50.0000,0.0000,0,0.0000,0.0000,120.7075,183.3209,100.0000,0.0000,181.9 46.4 51.6 149.2 61.4
Onion,3,rolling_mean_7d,False,243,111,125.7041,192.0415,75.0000,-33.0166,0,17.9198,48.7666,157.5426,237.4755,87.5000,-30.5161,218.6 52.5 69.1 217.0 95.5
Onion,3,ridge_core,False,243,111,96.1557,150.1468,54.7321,-1.7493,2,-0.7530,4.6188,118.8973,180.1925,79.7637,1.4997,184.0 47.5 61.0 144.9 61.3
Onion,3,ridge_extended,False,243,111,94.0694,148.9262,54.1564,0.4584,3,-3.1034,2.2442,117.9915,178.0824,76.3001,2.2501,184.3 45.9 56.8 142.1 59.3
Onion,3,rf_core,False,243,111,106.6404,158.6753,68.3599,-12.8440,0,6.7435,17.5112,122.2317,182.7490,76.9014,-1.2627,199.2 58.2 62.6 162.7 68.8
Onion,3,rf_extended,False,243,111,102.3162,154.1254,61.5049,-8.2681,0,2.4557,14.0747,120.6276,176.6776,81.5645,0.0662,193.0 53.5 65.4 154.2 63.5
Onion,3,xgb_core,False,243,111,115.1944,167.5456,80.5840,-21.8955,0,12.2228,31.1667,122.4856,182.5873,73.2176,-1.4731,198.4 68.7 67.5 179.1 79.4
Onion,3,xgb_extended,False,243,111,110.8132,163.6982,74.7792,-17.2594,0,6.5820,29.1294,122.1762,179.6916,83.4862,-1.2167,194.8 59.0 73.5 173.7 70.9
Onion,4,persistence,True,242,112,113.0350,175.8380,70.0000,0.0000,0,0.0000,0.0000,142.8226,212.8705,100.0000,0.0000,215.0 54.5 53.6 183.6 80.9
Onion,4,rolling_mean_7d,False,242,112,138.8051,209.0765,79.1667,-22.7983,0,12.8643,41.6309,176.7950,271.9459,100.0000,-23.7864,242.0 61.3 70.6 240.0 106.8
Onion,4,ridge_core,False,242,112,114.6068,175.4897,64.5855,-1.3906,2,-1.3162,4.4208,140.7945,209.3260,98.8611,1.4200,219.7 60.5 55.0 180.5 79.2
Onion,4,ridge_extended,False,242,112,114.0434,174.9329,63.1551,-0.8922,2,-2.0643,3.9640,138.8783,206.4306,96.3660,2.7617,220.2 58.4 56.1 181.0 76.7
Onion,4,rf_core,False,242,112,129.4574,189.8912,91.6625,-14.5287,1,7.5730,26.0668,141.6209,211.0482,83.0608,0.8414,242.2 70.5 71.6 207.6 78.8
Onion,4,rf_extended,False,242,112,125.9903,186.0926,81.9614,-11.4614,1,4.4625,22.2522,133.5978,198.2330,84.3685,6.4589,235.7 63.9 75.8 200.4 77.8
Onion,4,xgb_core,False,242,112,136.9262,197.8342,100.6995,-21.1362,0,11.4813,36.8762,147.4325,225.2300,93.0321,-3.2277,242.1 80.3 79.3 221.6 83.6
Onion,4,xgb_extended,False,242,112,134.7761,194.7346,95.9545,-19.2340,0,10.2049,33.8558,132.8813,202.8076,80.0753,6.9606,250.6 69.0 80.8 210.6 87.9
Onion,5,persistence,True,241,114,125.0762,193.6040,80.0000,0.0000,0,0.0000,0.0000,168.7758,255.2758,100.0000,0.0000,227.7 56.7 60.7 209.5 93.4
Onion,5,rolling_mean_7d,False,241,114,148.7977,223.2580,89.0000,-18.9656,0,14.2689,37.3469,198.7540,308.7251,100.0000,-17.7621,258.2 65.4 83.8 249.2 113.4
Onion,5,ridge_core,False,241,114,128.1905,194.0460,80.6675,-2.4899,2,-0.9297,8.1446,164.1352,248.0467,91.7242,2.7496,230.5 63.0 74.1 205.2 89.7
Onion,5,ridge_extended,False,241,114,125.7673,192.3856,77.5448,-0.5525,2,-3.5320,5.2839,157.1838,240.4492,88.8719,6.8683,229.7 61.9 69.3 204.0 85.3
Onion,5,rf_core,False,241,114,139.4024,207.5490,92.4182,-11.4540,1,-1.2060,26.2020,163.9697,252.0957,92.7637,2.8476,249.5 77.1 89.2 211.0 91.6
Onion,5,rf_extended,False,241,114,136.9869,206.1243,93.7623,-9.5227,1,-3.2696,25.4471,154.0945,239.6099,81.0774,8.6987,245.2 66.4 96.6 206.1 93.8
Onion,5,xgb_core,False,241,114,146.0923,216.9662,102.0860,-16.8026,0,2.0704,34.9741,161.4302,248.0011,100.5618,4.3523,277.9 80.4 87.7 210.9 98.4
Onion,5,xgb_extended,False,241,114,147.7295,221.0992,95.3826,-18.1116,0,0.6393,38.3754,153.7395,240.0628,90.6340,8.9091,283.3 68.6 103.1 216.0 95.3
Onion,6,persistence,True,243,115,134.4085,209.5352,75.0000,0.0000,0,0.0000,0.0000,183.0660,275.9382,100.0000,0.0000,238.7 63.1 69.6 232.1 98.9
Onion,6,rolling_mean_7d,False,243,115,162.5931,242.1139,92.5000,-20.9694,0,15.2434,44.8692,224.0364,346.2209,125.0000,-22.3801,280.2 77.3 89.6 283.5 117.3
Onion,6,ridge_core,False,243,115,135.7160,210.1059,82.0137,-0.9727,2,-2.9590,5.8621,171.2579,260.4865,104.1300,6.4502,243.0 69.3 74.6 226.2 95.1
Onion,6,ridge_extended,False,243,115,135.8606,209.8418,80.3978,-1.0803,2,-3.5755,7.1260,169.8120,256.5587,104.9003,7.2400,242.5 69.2 79.1 225.7 92.2
Onion,6,rf_core,False,243,115,154.4747,232.8895,100.4629,-14.9292,1,2.4818,34.9567,173.9653,264.6682,104.8053,4.9713,284.0 86.1 90.3 249.5 95.6
Onion,6,rf_extended,False,243,115,151.1650,226.1347,98.3957,-12.4668,1,-1.5901,32.8217,165.9328,256.1259,94.4545,9.3590,269.8 74.6 104.3 240.8 98.2
Onion,6,xgb_core,False,243,115,172.8580,255.2201,109.8875,-28.6065,0,16.0284,53.3748,171.1420,258.5312,106.4258,6.5135,328.3 97.9 99.9 257.3 119.5
Onion,6,xgb_extended,False,243,115,168.6094,251.8922,110.1820,-25.4455,0,9.1441,53.4137,164.2032,250.2833,105.4826,10.3038,317.0 82.2 118.4 256.0 107.4
Onion,7,persistence,True,290,136,151.3119,227.5112,100.0000,0.0000,0,0.0000,0.0000,192.5126,297.3205,100.0000,0.0000,278.2 71.6 84.1 252.5 103.7
Onion,7,rolling_mean_7d,False,290,136,173.7409,256.4797,104.1667,-14.8230,0,8.5904,39.9436,236.0047,367.2152,118.7500,-22.5918,313.1 83.4 103.0 286.7 119.7
Onion,7,ridge_core,False,290,136,151.9018,227.9125,99.7672,-0.3898,2,-6.0859,6.7251,190.0758,293.2114,117.4756,1.2658,284.5 75.3 90.7 243.2 99.1
Onion,7,ridge_extended,False,290,136,151.7738,227.5119,97.0490,-0.3052,2,-6.2544,6.9054,188.5206,291.1660,114.8759,2.0737,284.6 74.3 96.0 240.7 96.2
Onion,7,rf_core,False,290,136,175.8705,258.0431,117.0782,-16.2304,0,6.9845,44.5985,183.8502,289.2424,105.2409,4.4997,319.9 109.8 106.5 259.8 116.6
Onion,7,rf_extended,False,290,136,167.1442,247.6781,107.3560,-10.4633,1,-4.1103,37.9605,175.3359,282.6294,93.1032,8.9224,299.5 87.2 124.0 248.3 109.2
Onion,7,xgb_core,False,290,136,188.0361,273.3410,130.8345,-24.2705,0,15.1966,62.4292,185.8000,286.6427,119.4422,3.4869,339.5 126.5 111.6 260.5 136.6
Onion,7,xgb_extended,False,290,136,187.5938,272.7634,128.8324,-23.9782,0,13.2308,64.0410,182.5638,286.9348,115.2508,5.1679,342.4 105.6 144.6 257.8 123.6
Tomato,1,persistence,True,312,133,183.9103,291.4879,100.0000,0.0000,0,0.0000,0.0000,238.1579,312.7549,150.0000,0.0000,73.8 131.9 283.6 307.7 160.0
Tomato,1,rolling_mean_7d,False,312,133,235.6865,373.6896,130.0000,-28.1530,1,15.2100,88.8032,355.8539,443.9169,305.7143,-49.4193,73.6 156.8 409.2 331.2 248.5
Tomato,1,ridge_core,False,312,133,182.7170,280.8351,109.0531,0.6488,3,-7.9123,5.8309,233.5058,307.0634,191.0670,1.9534,65.5 128.2 292.0 303.8 161.8
Tomato,1,ridge_extended,False,312,133,182.9321,279.2948,109.3807,0.5318,3,-7.4072,5.6535,232.9401,305.9511,190.9500,2.1909,68.4 128.0 290.7 304.0 160.4
Tomato,1,rf_core,False,312,133,186.9259,276.4620,121.6250,-1.6397,1,-5.5891,10.6552,244.7271,313.2611,207.8609,-2.7583,70.3 134.6 286.9 316.0 169.2
Tomato,1,rf_extended,False,312,133,184.7085,275.9852,122.1088,-0.4340,1,-6.8412,7.8669,242.4826,310.3501,194.2679,-1.8159,68.3 134.2 286.3 309.6 165.5
Tomato,1,xgb_core,False,312,133,192.7085,279.7095,122.1746,-4.7840,0,-2.7888,19.7420,247.5115,326.1947,191.3132,-3.9275,75.7 148.9 292.2 322.2 164.3
Tomato,1,xgb_extended,False,312,133,185.5135,276.2848,117.1162,-0.8717,3,-10.1436,13.8136,246.1884,322.9663,196.7379,-3.3719,75.3 146.5 280.7 304.9 155.8
Tomato,2,persistence,True,310,133,243.5323,375.9031,150.0000,0.0000,0,0.0000,0.0000,312.4812,416.8865,250.0000,0.0000,86.0 148.5 407.8 406.6 216.8
Tomato,2,rolling_mean_7d,False,310,133,263.6510,415.9663,144.2857,-8.2612,2,-8.2340,55.2242,402.1205,499.4500,375.0000,-28.6863,75.6 182.7 456.5 399.7 252.2
Tomato,2,ridge_core,False,310,133,243.9584,366.0915,136.3279,-0.1750,3,-9.9480,12.0294,307.1269,402.5592,246.7174,1.7135,78.7 163.3 405.9 410.5 211.3
Tomato,2,ridge_extended,False,310,133,239.7325,361.6969,125.3377,1.5603,3,-12.8226,4.5714,304.0063,402.0639,248.1206,2.7121,81.6 152.3 396.4 407.1 211.4
Tomato,2,rf_core,False,310,133,243.3502,363.7785,137.5145,0.0748,2,-15.2086,15.5077,328.3560,418.2195,277.2060,-5.0802,87.7 166.5 395.5 420.4 193.7
Tomato,2,rf_extended,False,310,133,240.2357,360.2747,129.6089,1.3536,3,-18.5955,12.3028,320.7899,409.5386,275.6896,-2.6589,81.5 162.4 392.4 423.5 190.6
Tomato,2,xgb_core,False,310,133,252.4168,375.5115,150.3006,-3.6482,1,-8.2713,27.3977,334.1849,424.9208,283.8042,-6.9456,93.1 174.7 409.1 436.8 195.4
Tomato,2,xgb_extended,False,310,133,244.9220,361.1415,145.5203,-0.5707,2,-15.3024,18.7621,331.4582,421.2925,291.5343,-6.0730,90.7 175.3 395.3 418.0 189.8
Tomato,3,persistence,True,309,131,269.2718,424.6633,150.0000,0.0000,0,0.0000,0.0000,405.8779,505.2847,350.0000,0.0000,91.7 156.7 475.5 423.4 252.4
Tomato,3,rolling_mean_7d,False,309,131,280.5221,446.0195,150.0000,-4.1780,2,-19.0238,40.1419,433.2234,528.9909,391.6667,-6.7374,74.8 188.6 497.2 389.8 307.4
Tomato,3,ridge_core,False,309,131,271.5261,409.3594,155.7305,-0.8371,1,-9.4641,14.1286,388.1329,477.4038,328.4795,4.3720,92.4 165.0 459.0 446.9 258.5
Tomato,3,ridge_extended,False,309,131,270.1085,407.1900,159.9121,-0.3107,2,-11.2320,14.2652,387.4837,475.0323,338.6005,4.5319,87.0 165.1 455.0 453.5 258.4
Tomato,3,rf_core,False,309,131,288.4564,424.7693,171.0155,-7.1246,1,-0.5614,39.4276,397.1527,484.0833,341.3066,2.1497,98.9 178.4 465.1 512.9 269.1
Tomato,3,rf_extended,False,309,131,281.1939,412.9133,163.3002,-4.4275,1,-6.5970,31.3767,392.8190,477.7347,371.0799,3.2174,93.9 172.4 451.0 509.8 263.2
Tomato,3,xgb_core,False,309,131,296.8074,441.5161,161.2780,-10.2259,0,2.3002,58.1641,386.8452,477.7363,349.9608,4.6893,96.0 176.9 477.4 562.4 265.2
Tomato,3,xgb_extended,False,309,131,287.9414,423.8415,162.0766,-6.9334,1,-4.6735,46.6431,386.8261,469.2593,375.7605,4.6940,94.2 179.5 450.0 557.1 254.8
Tomato,4,persistence,True,305,131,294.8852,452.9303,180.0000,0.0000,0,0.0000,0.0000,447.4809,567.0127,400.0000,0.0000,99.6 200.6 502.3 426.9 297.0
Tomato,4,rolling_mean_7d,False,305,131,308.9594,492.5959,159.0000,-4.7728,2,-15.4928,54.4916,460.2013,580.4758,410.0000,-2.8427,82.7 191.5 571.2 442.4 306.9
Tomato,4,ridge_core,False,305,131,292.5409,445.9773,178.2126,0.7950,4,-15.0102,10.9336,427.9803,541.6279,385.1515,4.3579,93.9 200.5 504.9 425.7 288.2
Tomato,4,ridge_extended,False,305,131,288.6612,441.8474,166.1191,2.1107,3,-19.0016,6.9638,427.2188,539.0067,391.1277,4.5280,93.3 201.8 487.2 429.1 286.5
Tomato,4,rf_core,False,305,131,322.9214,485.2595,178.5271,-9.5075,2,6.1858,58.1397,420.4883,521.3757,382.5822,6.0321,93.1 219.5 558.5 526.0 281.7
Tomato,4,rf_extended,False,305,131,310.3586,472.1539,174.3775,-5.2472,2,-8.2831,45.5190,419.5144,521.7555,360.7918,6.2498,88.9 210.9 525.1 525.4 271.0
Tomato,4,xgb_core,False,305,131,346.6192,523.4812,196.8783,-17.5437,2,20.3648,97.8260,425.9427,532.9042,409.2022,4.8132,93.6 223.0 605.6 604.4 281.8
Tomato,4,xgb_extended,False,305,131,326.8197,497.6133,183.1535,-10.8295,2,4.1846,71.5515,417.2786,523.0638,394.8952,6.7494,84.7 216.1 569.8 574.8 260.7
Tomato,5,persistence,True,311,128,330.9968,512.2576,200.0000,0.0000,0,0.0000,0.0000,469.3750,590.4576,400.0000,0.0000,95.4 214.0 601.0 444.7 331.8
Tomato,5,rolling_mean_7d,False,311,128,333.9626,541.9570,169.1667,-0.8960,4,-23.4117,35.2148,457.6702,577.1838,386.6667,2.4937,88.5 202.0 647.8 421.8 327.1
Tomato,5,ridge_core,False,311,128,337.9823,520.6334,188.5540,-2.1104,4,-12.5188,33.3613,446.4061,559.9106,374.1456,4.8935,90.5 212.3 653.7 426.2 323.2
Tomato,5,ridge_extended,False,311,128,339.3886,521.1189,190.6073,-2.5353,4,-12.2105,35.9422,445.0624,559.3002,375.3421,5.1798,90.4 213.5 657.6 431.1 319.9
Tomato,5,rf_core,False,311,128,365.9885,557.2289,208.2790,-10.5716,2,6.6013,71.6026,433.6905,547.8999,340.3906,7.6026,87.8 234.6 663.3 582.3 312.3
Tomato,5,rf_extended,False,311,128,369.1841,557.8155,211.1160,-11.5371,1,8.4355,76.4632,430.4953,540.9711,348.5951,8.2833,98.3 233.3 662.8 588.8 312.3
Tomato,5,xgb_core,False,311,128,392.5413,591.6210,211.7266,-18.5937,2,19.9022,116.5698,438.4429,546.0398,351.4282,6.5901,90.2 240.3 716.1 657.4 317.2
Tomato,5,xgb_extended,False,311,128,402.2627,603.9920,217.0039,-21.5307,1,26.3490,128.4232,426.1707,536.5059,330.6461,9.2046,102.2 229.9 752.9 662.7 311.4
Tomato,6,persistence,True,298,129,348.0369,550.8228,200.0000,0.0000,0,0.0000,0.0000,510.0000,642.6595,500.0000,0.0000,94.4 227.3 641.2 516.0 318.2
Tomato,6,rolling_mean_7d,False,298,129,354.8355,567.7917,175.0000,-1.9534,2,-19.8771,36.4260,497.0903,615.1674,416.6667,2.5313,96.4 207.7 673.0 508.2 343.9
Tomato,6,ridge_core,False,298,129,362.1079,567.0491,184.8634,-4.0430,4,-13.0824,48.0089,479.5687,606.2851,443.0597,5.9669,89.9 223.5 721.9 506.7 303.8
Tomato,6,ridge_extended,False,298,129,348.5635,546.7116,187.9109,-0.1513,4,-18.1186,20.9466,479.2502,605.7927,434.6395,6.0294,90.5 223.4 664.4 512.9 299.1
Tomato,6,rf_core,False,298,129,400.8024,608.5177,206.6733,-15.1609,1,14.6677,109.2745,478.2811,596.1401,413.6886,6.2194,96.7 242.4 744.8 706.8 294.2
Tomato,6,rf_extended,False,298,129,402.8344,612.7387,192.2677,-15.7447,1,11.1495,122.4370,476.6860,609.3775,402.1381,6.5321,104.0 236.8 734.6 744.8 282.6
Tomato,6,xgb_core,False,298,129,423.7058,642.3458,222.1735,-21.7416,1,18.8402,156.9943,492.9980,616.6324,429.2989,3.3337,101.3 259.5 762.5 805.7 291.5
Tomato,6,xgb_extended,False,298,129,435.2511,658.5378,213.7705,-25.0589,1,29.0014,168.9482,491.2976,620.1469,460.5416,3.6671,113.6 249.6 814.7 802.1 280.5
Tomato,7,persistence,False,327,144,380.0459,590.8350,205.0000,-2.5636,2,-24.7893,40.5707,546.5278,673.8591,520.0000,-2.0855,93.4 257.4 702.1 534.2 363.1
Tomato,7,rolling_mean_7d,True,327,144,370.5464,585.2935,193.3333,0.0000,0,0.0000,0.0000,535.3629,661.2020,459.1667,0.0000,100.5 224.7 710.5 521.2 339.1
Tomato,7,ridge_core,False,327,144,391.8988,610.0446,215.0406,-5.7624,2,-9.6007,59.0961,513.0349,636.5903,456.0933,4.1706,102.2 250.2 784.9 517.3 334.1
Tomato,7,ridge_extended,False,327,144,377.1463,584.3846,203.9922,-1.7811,2,-17.3159,33.3853,515.7019,639.5461,457.4394,3.6725,93.5 250.2 727.7 523.5 329.8
Tomato,7,rf_core,False,327,144,429.2286,646.1245,237.7556,-15.8367,1,19.0735,116.0336,502.2532,645.6196,418.9714,6.1845,103.0 267.9 790.6 735.8 321.8
Tomato,7,rf_extended,False,327,144,426.8629,645.8009,232.5488,-15.1982,1,13.4496,120.6292,494.2930,636.5939,373.5015,7.6714,104.5 256.1 780.3 759.3 312.7
Tomato,7,xgb_core,False,327,144,457.3365,685.8447,241.9802,-23.4222,1,30.7328,162.2640,509.9259,659.2819,412.9730,4.7514,110.8 275.0 855.8 797.3 324.1
Tomato,7,xgb_extended,False,327,144,450.7956,682.5420,230.1218,-21.6570,1,25.5840,154.6190,511.8278,658.7437,414.6116,4.3961,114.1 258.3 852.3 798.6 305.3
Brinjal,1,persistence,True,399,152,838.3459,1145.3130,500.0000,0.0000,0,0.0000,0.0000,564.9342,750.1765,465.0000,0.0000,544.7 925.3 850.0 1320.6 645.8
Brinjal,1,rolling_mean_7d,False,399,152,888.6887,1253.3975,633.3333,-6.0050,2,-51.8880,171.1638,599.9409,787.3426,469.2857,-6.1966,583.7 760.0 1016.2 1645.5 586.7
Brinjal,1,ridge_core,False,399,152,773.1571,1081.5751,536.1984,7.7759,5,-109.7619,-14.5582,536.2094,705.8506,425.8244,5.0846,492.3 786.0 843.3 1295.8 552.1
Brinjal,1,ridge_extended,False,399,152,775.6081,1080.5452,538.8775,7.4835,5,-107.0460,-12.5001,549.4315,717.8828,426.3901,2.7442,499.4 802.1 826.7 1303.8 550.1
Brinjal,1,rf_core,False,399,152,783.2171,1091.4002,534.4277,6.5759,4,-106.9616,6.2761,543.1997,716.5139,422.7467,3.8473,501.5 815.3 864.1 1279.1 555.5
Brinjal,1,rf_extended,False,399,152,790.0156,1099.6518,542.4573,5.7650,3,-102.1648,13.8082,547.4247,716.1234,435.2533,3.0994,506.4 820.7 851.0 1329.3 549.1
Brinjal,1,xgb_core,False,399,152,812.0476,1122.1435,590.9613,3.1369,4,-83.2909,37.8068,547.8800,721.9935,417.9511,3.0188,540.1 823.7 937.1 1301.0 557.9
Brinjal,1,xgb_extended,False,399,152,826.5326,1152.6388,594.4819,1.4091,2,-76.3446,62.6751,564.2687,730.2977,481.7075,0.1178,553.5 795.9 929.1 1420.8 551.1
Brinjal,2,persistence,False,397,147,974.8111,1325.3772,800.0000,-0.3741,2,-99.4862,83.7330,672.2449,855.9363,500.0000,-7.5152,729.8 896.3 1016.0 1643.3 720.5
Brinjal,2,rolling_mean_7d,True,397,147,971.1776,1382.7664,666.6667,0.0000,0,0.0000,0.0000,625.2559,833.6967,467.8571,0.0000,617.3 772.6 1115.2 1874.3 655.9
Brinjal,2,ridge_core,False,397,147,883.4190,1251.7508,588.2498,9.0363,5,-158.0378,-36.1747,596.6432,788.6941,417.5579,4.5762,586.6 754.3 995.7 1616.3 610.1
Brinjal,2,ridge_extended,False,397,147,875.5219,1242.7427,585.9136,9.8495,5,-168.2503,-42.7946,600.3613,796.5044,416.5894,3.9815,590.5 762.5 979.3 1578.6 606.9
Brinjal,2,rf_core,False,397,147,920.0969,1289.0212,630.9178,5.2597,4,-107.3645,-8.7688,605.8215,808.0577,431.1611,3.1082,623.8 761.6 1041.0 1696.2 632.0
Brinjal,2,rf_extended,False,397,147,916.9006,1295.0273,608.5569,5.5888,5,-111.8830,-10.4174,605.6085,810.9547,439.2377,3.1423,613.8 761.3 1039.4 1724.0 606.3
Brinjal,2,xgb_core,False,397,147,929.9585,1291.0677,650.1603,4.2442,4,-109.4001,14.4278,601.8651,805.0399,451.1257,3.7410,666.3 766.0 1059.2 1674.9 631.3
Brinjal,2,xgb_extended,False,397,147,931.5403,1320.2569,606.3786,4.0814,4,-107.3267,25.0624,624.7692,843.0874,456.0986,0.0778,646.6 758.3 1034.2 1775.6 609.5
Brinjal,3,persistence,False,396,146,1087.5000,1426.4568,1000.0000,-3.5905,2,-73.3309,135.6376,712.7397,958.8937,565.0000,-4.8979,798.8 942.8 1261.6 1731.5 844.6
Brinjal,3,rolling_mean_7d,True,396,146,1049.8070,1486.9767,678.5714,0.0000,0,0.0000,0.0000,679.4602,918.1478,487.8571,0.0000,639.6 844.5 1307.3 1959.8 698.4
Brinjal,3,ridge_core,False,396,146,997.6993,1369.2268,698.4477,4.9635,4,-119.1722,3.0404,651.6673,880.7683,463.2989,4.0904,638.8 800.8 1250.6 1755.3 710.4
Brinjal,3,ridge_extended,False,396,146,984.7658,1353.4191,713.3695,6.1955,3,-138.4005,-3.6878,658.0665,900.6470,448.3303,3.1486,647.8 798.1 1206.4 1737.1 700.2
Brinjal,3,rf_core,False,396,146,1018.7130,1393.9648,668.5241,2.9619,3,-109.2171,19.8709,659.6204,896.8170,446.2930,2.9199,692.1 793.9 1287.5 1737.3 741.9
Brinjal,3,rf_extended,False,396,146,1029.5161,1416.4155,670.9320,1.9328,3,-99.8782,34.6727,640.2741,889.2930,381.5374,5.7672,679.0 811.9 1306.4 1780.5 736.0
Brinjal,3,xgb_core,False,396,146,1048.4697,1423.8893,698.8338,0.1274,3,-85.5019,54.6571,646.7473,885.1773,497.3790,4.8145,722.9 818.4 1292.4 1809.0 767.5
Brinjal,3,xgb_extended,False,396,146,1044.8957,1433.8376,723.5344,0.4678,3,-87.7523,55.3947,644.8376,891.0845,405.9476,5.0956,698.6 809.1 1290.9 1874.7 734.2
Brinjal,4,persistence,False,392,146,1140.6888,1556.7803,900.0000,-1.3269,2,-99.2411,108.8599,809.8630,1075.8916,650.0000,-8.8214,787.8 993.3 1437.7 1832.0 812.0
Brinjal,4,rolling_mean_7d,True,392,146,1125.7513,1603.3463,695.8333,0.0000,0,0.0000,0.0000,744.2133,1001.8960,523.5714,0.0000,678.7 883.6 1479.8 2110.1 702.2
Brinjal,4,ridge_core,False,392,146,1074.9604,1495.1337,735.8390,4.5117,5,-109.4336,-4.2233,738.6830,970.8594,559.4640,0.7431,660.9 860.3 1387.7 1977.7 694.8
Brinjal,4,ridge_extended,False,392,146,1061.8693,1477.1505,756.9642,5.6746,5,-135.3606,-5.3941,752.7029,998.0641,547.9786,-1.1407,670.1 852.2 1366.4 1934.1 686.3
Brinjal,4,rf_core,False,392,146,1115.1405,1547.0453,676.2271,0.9426,3,-76.6111,40.6073,745.7801,982.9865,560.4034,-0.2105,781.3 860.5 1395.3 2034.0 714.7
Brinjal,4,rf_extended,False,392,146,1111.7452,1551.0742,695.2183,1.2442,3,-87.3077,44.9274,713.2500,959.9356,542.4304,4.1605,731.1 865.0 1380.3 2095.3 711.0
Brinjal,4,xgb_core,False,392,146,1137.3430,1548.3705,733.9156,-1.0297,2,-68.4996,74.7311,762.2594,1003.1486,562.9078,-2.4249,820.8 888.6 1390.2 2055.8 740.8
Brinjal,4,xgb_extended,False,392,146,1130.2640,1567.8226,735.4804,-0.4009,3,-84.5022,81.7254,738.8804,994.5014,546.0595,0.7166,782.9 873.8 1397.3 2103.8 715.6
Brinjal,5,persistence,True,395,144,1191.5190,1662.7585,1000.0000,0.0000,0,0.0000,0.0000,853.4722,1117.0641,690.0000,0.0000,796.3 944.5 1443.1 2149.3 798.8
Brinjal,5,rolling_mean_7d,False,395,144,1196.5769,1710.8653,750.0000,-0.4245,3,-86.7156,107.2868,760.1928,1047.6997,481.9048,10.9294,685.7 894.7 1592.0 2318.7 699.2
Brinjal,5,ridge_core,False,395,144,1119.3256,1595.5156,714.0219,6.0589,4,-139.1932,-6.1283,767.8174,1022.7678,567.1075,10.0360,684.2 847.4 1464.6 2102.0 680.0
Brinjal,5,ridge_extended,False,395,144,1112.1743,1569.5352,722.0160,6.6591,4,-149.6555,-10.6212,775.5895,1040.2644,581.2070,9.1254,705.0 838.3 1449.2 2058.2 685.0
Brinjal,5,rf_core,False,395,144,1158.6620,1614.4970,744.3297,2.7576,4,-104.8631,31.4449,794.0974,1040.1600,606.4467,6.9569,774.0 879.3 1495.3 2083.1 732.8
Brinjal,5,rf_extended,False,395,144,1149.7345,1609.0079,745.4391,3.5068,4,-124.3963,45.0160,772.6695,1022.7893,544.9535,9.4675,742.1 852.4 1507.7 2081.6 737.8
Brinjal,5,xgb_core,False,395,144,1151.5078,1591.2168,755.0050,3.3580,3,-129.7593,37.3658,807.1922,1048.3038,635.0433,5.4226,799.5 862.5 1473.7 2056.4 732.9
Brinjal,5,xgb_extended,False,395,144,1143.6844,1600.6916,734.4181,4.0146,4,-145.3113,40.2973,780.6196,1026.2898,616.4046,8.5360,792.8 879.9 1489.1 2013.3 705.4
Brinjal,6,persistence,True,393,144,1245.6743,1803.9485,900.0000,0.0000,0,0.0000,0.0000,845.9028,1086.9103,650.0000,0.0000,808.5 1077.4 1496.2 2299.2 764.5
Brinjal,6,rolling_mean_7d,False,393,144,1305.3708,1850.1022,821.4286,-4.7923,3,-31.6591,172.5507,768.6642,1055.0228,522.8571,9.1309,715.5 973.0 1794.9 2584.3 727.7
Brinjal,6,ridge_core,False,393,144,1216.9874,1753.5806,751.4132,2.3029,3,-107.2478,59.4717,753.6780,1008.0139,558.1302,10.9025,694.8 933.7 1726.4 2308.1 654.0
Brinjal,6,ridge_extended,False,393,144,1196.8514,1693.3137,753.6869,3.9194,4,-124.0089,26.4840,761.7644,1044.5297,556.0945,9.9466,696.3 913.9 1653.2 2260.2 685.5
Brinjal,6,rf_core,False,393,144,1242.3377,1751.4936,782.9880,0.2679,3,-76.3469,66.0331,787.4745,1039.1965,549.7495,6.9072,768.6 954.5 1706.4 2305.6 702.0
Brinjal,6,rf_extended,False,393,144,1228.5261,1713.8154,785.4410,1.3766,4,-101.3435,64.8400,760.7035,1014.7921,542.3467,10.0720,741.1 943.8 1689.2 2293.0 700.9
Brinjal,6,xgb_core,False,393,144,1257.8006,1754.7000,821.3828,-0.9735,2,-72.2126,88.4789,798.7477,1049.9380,569.6984,5.5745,818.1 975.6 1693.8 2323.2 703.5
Brinjal,6,xgb_extended,False,393,144,1226.7169,1717.8185,788.1086,1.5219,3,-117.1417,75.5245,781.3715,1028.6011,525.4285,7.6287,792.9 940.4 1625.6 2313.3 689.8
Brinjal,7,persistence,True,392,144,1274.6173,1857.7592,1000.0000,0.0000,0,0.0000,0.0000,862.7083,1147.6266,675.0000,0.0000,746.3 1073.2 1581.9 2362.3 847.6
Brinjal,7,rolling_mean_7d,False,392,144,1364.3386,1889.2472,942.8571,-7.0391,3,0.4504,188.0972,812.4264,1120.4178,551.6667,5.8284,737.6 1055.5 1882.6 2679.8 758.9
Brinjal,7,ridge_core,False,392,144,1241.0613,1781.3608,803.2675,2.6326,4,-97.6030,31.0647,809.6599,1082.5378,510.2060,6.1491,683.7 999.7 1734.3 2321.2 708.9
Brinjal,7,ridge_extended,False,392,144,1227.2521,1737.0834,840.9805,3.7160,4,-119.1604,13.4565,857.9722,1160.2163,548.4358,0.5490,682.3 981.3 1706.5 2266.9 732.6
Brinjal,7,rf_core,False,392,144,1292.8677,1803.6995,856.4311,-1.4318,2,-79.8849,104.9045,842.7284,1098.8458,632.9368,2.3160,821.1 991.0 1725.8 2473.7 715.2
Brinjal,7,rf_extended,False,392,144,1256.3594,1734.5366,847.4667,1.4324,3,-137.4427,78.8702,826.1376,1081.1975,605.1126,4.2391,809.7 1005.7 1687.1 2263.2 741.7
Brinjal,7,xgb_core,False,392,144,1331.2029,1842.5913,919.8279,-4.4394,2,-64.5986,162.1676,870.8373,1147.1669,667.9977,-0.9423,870.3 1007.5 1780.4 2544.8 723.0
Brinjal,7,xgb_extended,False,392,144,1271.4161,1757.3899,849.1018,0.2512,3,-142.8948,112.9460,852.6684,1113.9882,618.1713,1.1638,845.3 1033.3 1719.6 2243.7 734.3
Cabbage,1,persistence,True,402,171,217.0970,667.0793,125.0000,0.0000,0,0.0000,0.0000,156.9357,210.4523,125.0000,0.0000,163.0 388.8 214.7 176.7 135.7
Cabbage,1,rolling_mean_7d,False,402,171,224.7562,529.7836,149.3690,-3.5280,1,-23.3443,35.9714,147.7238,190.1199,116.4286,5.8698,172.6 373.5 219.2 184.4 167.9
Cabbage,1,ridge_core,False,402,171,197.0356,536.3517,119.7212,9.2408,4,-52.7649,1.0757,141.6060,187.3667,104.2268,9.7682,143.9 332.2 197.7 168.1 139.0
Cabbage,1,ridge_extended,False,402,171,195.8135,535.1031,115.5557,9.8037,4,-54.4188,0.6291,140.7684,187.6110,106.0477,10.3018,143.8 330.7 195.9 162.6 141.2
Cabbage,1,rf_core,False,402,171,200.6174,546.9111,115.2909,7.5909,4,-46.1662,4.2792,138.9215,184.1158,102.2524,11.4787,148.2 340.9 195.7 167.9 145.5
Cabbage,1,rf_extended,False,402,171,199.3617,546.9910,112.5709,8.1693,4,-48.1297,3.5190,140.6718,187.2293,96.3361,10.3634,146.5 337.2 192.4 167.7 148.4
Cabbage,1,xgb_core,False,402,171,203.6883,535.7964,121.6893,6.1764,4,-48.6492,10.1972,145.0767,187.5202,106.8445,7.5566,158.9 337.5 200.7 172.2 144.2
Cabbage,1,xgb_extended,False,402,171,203.9675,548.0865,123.4214,6.0478,4,-44.2336,8.6954,143.5018,190.8019,100.5771,8.5601,152.7 348.2 199.8 166.9 146.6
Cabbage,2,persistence,False,400,170,244.0000,677.9894,160.0000,-1.3121,2,-24.6894,32.2383,179.0588,229.8689,165.0000,-19.2890,206.9 411.4 201.9 227.8 170.2
Cabbage,2,rolling_mean_7d,True,400,170,240.8400,542.3179,158.5714,0.0000,0,0.0000,0.0000,150.1051,193.7288,114.3452,0.0000,180.5 377.3 256.7 204.4 180.5
Cabbage,2,ridge_core,False,400,170,221.1241,534.8494,146.4897,8.1863,5,-46.3932,-1.7500,159.0432,203.4795,123.2943,-5.9546,168.8 345.9 211.6 204.4 173.3
Cabbage,2,ridge_extended,False,400,170,222.7843,538.3890,151.8149,7.4970,5,-43.2803,0.2983,158.6133,203.2015,124.6731,-5.6682,169.6 353.0 212.3 202.2 174.8
Cabbage,2,rf_core,False,400,170,227.9387,552.1228,149.4463,5.3568,4,-36.3273,3.8830,158.2922,200.3166,124.4494,-5.4542,177.0 363.5 221.7 192.3 180.7
Cabbage,2,rf_extended,False,400,170,226.6036,551.8764,153.9488,5.9111,4,-37.9957,2.6665,157.0089,199.9652,120.4583,-4.5993,176.6 361.2 215.1 195.4 181.0
Cabbage,2,xgb_core,False,400,170,231.8879,540.3155,150.7993,3.7170,4,-34.4777,8.0794,157.7035,200.7884,120.1896,-5.0620,178.3 362.3 231.8 199.6 183.3
Cabbage,2,xgb_extended,False,400,170,228.8394,544.0758,156.7202,4.9828,5,-35.9651,4.9406,156.9241,202.1289,126.4767,-4.5428,178.6 361.9 223.9 196.8 178.9
Cabbage,3,persistence,False,399,167,263.4511,698.6825,165.0000,-5.5272,2,-17.5052,46.1299,189.1078,245.7668,165.0000,-24.7954,202.3 441.2 252.1 206.8 203.2
Cabbage,3,rolling_mean_7d,True,399,167,249.6524,550.9811,159.2857,0.0000,0,0.0000,0.0000,151.5343,196.9714,112.1429,0.0000,178.3 393.2 273.6 208.8 185.2
Cabbage,3,ridge_core,False,399,167,238.9375,558.3917,156.4640,4.2919,4,-35.1155,7.3935,162.8508,212.2503,125.5774,-7.4680,172.0 370.8 252.0 205.4 187.0
Cabbage,3,ridge_extended,False,399,167,237.0594,557.0276,157.5847,5.0442,4,-37.6157,6.1563,161.6338,210.9312,121.3738,-6.6648,172.0 369.5 248.2 198.2 189.0
Cabbage,3,rf_core,False,399,167,242.3177,566.5059,166.9936,2.9379,4,-30.4111,11.9197,166.8722,216.6986,134.1140,-10.1218,176.0 389.0 249.3 195.4 192.2
Cabbage,3,rf_extended,False,399,167,240.5412,565.9017,148.4219,3.6495,4,-32.7239,9.6750,166.2923,214.3957,137.0277,-9.7390,176.9 383.4 252.1 187.6 191.8
Cabbage,3,xgb_core,False,399,167,245.3263,557.2094,165.6906,1.7328,4,-30.0842,15.8904,167.3442,217.6945,134.6185,-10.4332,176.9 379.6 267.4 197.9 194.7
Cabbage,3,xgb_extended,False,399,167,242.6743,562.5193,160.7670,2.7951,4,-32.4940,12.2581,162.7112,213.4340,123.5145,-7.3758,174.4 381.7 265.8 189.2 191.1
Cabbage,4,persistence,False,394,166,276.3071,698.1241,170.0000,-5.8010,2,-16.5573,48.7298,191.7048,247.8280,165.0000,-23.6124,195.6 460.5 274.4 209.4 228.0
Cabbage,4,rolling_mean_7d,True,394,166,261.1574,561.2698,167.9286,0.0000,0,0.0000,0.0000,155.0854,199.6748,118.0000,0.0000,174.5 410.8 304.4 227.9 180.1
Cabbage,4,ridge_core,False,394,166,246.3410,558.6289,172.3167,5.6734,4,-38.8773,3.3156,165.5521,216.8554,121.5211,-6.7490,160.0 370.6 284.6 218.1 191.7
Cabbage,4,ridge_extended,False,394,166,243.4462,554.2249,165.8769,6.7818,4,-43.9064,1.4147,161.6113,214.9931,112.5073,-4.2080,159.4 368.1 275.9 212.2 194.5
Cabbage,4,rf_core,False,394,166,254.4001,574.9061,177.6949,2.5874,4,-27.4644,9.6993,163.9561,217.2665,125.4857,-5.7199,174.1 393.4 290.3 209.6 194.7
Cabbage,4,rf_extended,False,394,166,249.3027,570.4048,167.5168,4.5393,4,-33.1140,4.9793,160.5107,211.8631,116.8089,-3.4983,173.5 386.6 279.3 201.0 195.7
Cabbage,4,xgb_core,False,394,166,255.8100,564.8305,178.7603,2.0476,3,-32.1325,14.1440,169.2631,222.1747,130.9650,-9.1418,182.7 378.1 294.4 219.6 195.9
Cabbage,4,xgb_extended,False,394,166,248.1603,558.2436,166.8870,4.9767,4,-37.4008,5.2357,160.8267,215.2939,116.1409,-3.7020,173.1 380.5 283.3 197.7 195.4
Cabbage,5,persistence,False,396,165,282.7045,704.4426,170.0000,-5.9398,1,-13.2366,45.6011,198.6727,253.8513,165.0000,-20.6625,185.5 483.6 285.7 234.8 215.5
Cabbage,5,rolling_mean_7d,True,396,165,266.8539,566.9141,178.4286,0.0000,0,0.0000,0.0000,164.6516,211.2982,130.7143,0.0000,179.0 427.8 315.8 231.9 173.1
Cabbage,5,ridge_core,False,396,165,255.7141,568.1742,171.2061,4.1745,4,-34.5900,6.1782,172.7736,226.1320,129.0927,-4.9329,167.2 387.7 304.0 231.0 183.9
Cabbage,5,ridge_extended,False,396,165,253.2285,565.0422,168.9658,5.1060,4,-38.1258,4.0274,173.0261,226.4071,127.5322,-5.0862,166.4 385.9 296.8 223.1 188.4
Cabbage,5,rf_core,False,396,165,261.6209,587.2633,176.1211,1.9610,4,-24.5347,9.3508,173.8609,228.4465,136.0684,-5.5932,173.7 407.2 315.3 224.9 180.2
Cabbage,5,rf_extended,False,396,165,259.0937,589.6640,166.2935,2.9080,4,-27.5441,7.3061,173.2145,228.4391,130.3493,-5.2006,171.7 411.0 306.0 215.7 183.1
Cabbage,5,xgb_core,False,396,165,271.3359,587.3799,191.1000,-1.6796,1,-21.9728,25.6191,179.6151,229.3099,143.2487,-9.0880,183.8 401.7 342.4 235.8 186.4
Cabbage,5,xgb_extended,False,396,165,261.4476,582.1115,175.4319,2.0259,3,-28.0175,11.9903,175.5850,229.7992,131.0675,-6.6404,175.0 401.8 320.0 214.3 187.7
Cabbage,6,persistence,False,394,165,293.1624,723.2611,205.0000,-7.1807,1,-8.4966,47.2379,197.4788,258.6383,165.0000,-16.3871,195.0 474.7 327.7 259.7 201.5
Cabbage,6,rolling_mean_7d,True,394,165,273.5217,575.1607,183.7143,0.0000,0,0.0000,0.0000,169.6741,220.0754,126.1429,0.0000,178.7 429.8 336.8 243.1 172.4
Cabbage,6,ridge_core,False,394,165,260.6792,579.3026,170.1578,4.6952,4,-37.2798,4.9293,180.0892,235.4340,149.4149,-6.1383,164.2 389.3 321.7 253.6 172.2
Cabbage,6,ridge_extended,False,394,165,258.4853,575.3055,166.8000,5.4974,3,-40.9575,4.1590,179.8274,234.0319,147.2331,-5.9840,162.6 389.0 314.3 244.4 178.6
Cabbage,6,rf_core,False,394,165,270.8404,595.9375,185.6241,0.9803,3,-22.9061,11.0059,189.2486,242.2445,153.4214,-11.5365,171.1 418.3 327.9 255.0 177.8
Cabbage,6,rf_extended,False,394,165,266.2888,596.8147,175.8630,2.6444,4,-28.2545,6.9708,179.6835,232.2148,145.2355,-5.8992,173.0 414.1 324.5 238.1 175.6
Cabbage,6,xgb_core,False,394,165,275.7176,586.4841,197.0281,-0.8028,2,-23.4445,20.8092,190.0247,240.8466,153.6281,-11.9939,174.3 405.4 340.5 268.6 187.3
Cabbage,6,xgb_extended,False,394,165,269.0334,584.0932,182.2375,1.6409,3,-30.1382,13.2061,177.9199,226.0421,142.9472,-4.8598,171.7 402.3 330.3 251.9 184.8
Cabbage,7,persistence,True,395,163,276.8608,581.8897,175.0000,0.0000,0,0.0000,0.0000,187.5521,241.4033,165.0000,0.0000,211.4 389.8 325.2 275.6 182.2
Cabbage,7,rolling_mean_7d,False,395,163,280.9920,579.2905,187.8571,-1.4922,3,-26.8815,50.2177,170.1426,222.2911,137.8571,9.2825,177.2 448.7 344.5 252.5 176.9
Cabbage,7,ridge_core,False,395,163,266.1221,562.4210,188.9533,3.8787,4,-33.7315,12.5728,175.0312,230.8563,124.4142,6.6760,166.4 366.7 356.4 271.2 170.8
Cabbage,7,ridge_extended,False,395,163,261.5275,561.7231,175.4016,5.5383,4,-37.3219,6.3535,174.0664,228.0805,129.8462,7.1904,166.1 369.8 351.5 247.7 170.0
Cabbage,7,rf_core,False,395,163,268.5981,563.9398,185.4457,2.9844,3,-27.7429,10.9222,182.8562,233.6447,148.1492,2.5038,179.6 395.7 335.3 253.5 176.1
Cabbage,7,rf_extended,False,395,163,266.2348,562.7846,172.1995,3.8380,3,-30.0204,7.6370,174.8037,222.6724,142.9501,6.7973,178.6 391.1 340.1 245.0 172.6
Cabbage,7,xgb_core,False,395,163,272.9751,566.2288,195.8279,1.4035,2,-24.6862,16.0081,191.5924,243.8796,153.8454,-2.1542,177.2 390.2 341.9 270.9 184.2
Cabbage,7,xgb_extended,False,395,163,269.7771,565.8445,184.2908,2.5586,3,-28.8916,13.8034,183.8893,233.0077,162.6050,1.9530,172.8 393.3 348.5 254.6 177.1
Cauliflower,1,persistence,True,392,171,271.4362,390.7910,210.0000,0.0000,0,0.0000,0.0000,160.0643,237.2735,110.0000,0.0000,213.1 257.6 320.7 249.4 321.5
Cauliflower,1,rolling_mean_7d,False,392,171,285.7566,380.5205,223.5119,-5.2758,1,-13.4483,42.8548,173.9252,242.1327,119.2857,-8.6595,222.0 264.9 387.0 284.5 269.1
Cauliflower,1,ridge_core,False,392,171,247.2318,343.8996,177.7355,8.9172,5,-39.0655,-11.3428,148.4153,216.2938,96.9350,7.2777,189.0 237.0 313.7 234.6 263.5
Cauliflower,1,ridge_extended,False,392,171,245.3396,341.6934,176.1823,9.6143,5,-40.1679,-14.2762,151.0724,214.9130,105.7323,5.6177,191.1 235.1 309.7 230.0 262.1
Cauliflower,1,rf_core,False,392,171,249.0473,344.6871,178.2355,8.2483,5,-39.5072,-6.9731,160.0896,227.2589,110.5142,-0.0158,183.8 237.3 318.7 242.2 265.6
Cauliflower,1,rf_extended,False,392,171,247.2224,338.6335,181.9353,8.9206,4,-41.1863,-8.9849,160.6183,223.5701,108.0793,-0.3461,184.4 232.8 323.0 235.5 262.1
Cauliflower,1,xgb_core,False,392,171,251.2837,349.3203,178.5819,7.4244,4,-36.8216,-5.8216,163.0671,231.6019,102.0642,-1.8760,182.7 236.3 322.1 244.9 273.8
Cauliflower,1,xgb_extended,False,392,171,253.2571,347.1505,190.4928,6.6974,4,-36.8871,-0.7112,169.5978,229.3056,119.5291,-5.9560,180.0 241.0 332.4 246.0 269.3
Cauliflower,2,persistence,True,389,169,312.7841,444.4622,215.0000,0.0000,0,0.0000,0.0000,202.0118,276.5424,145.0000,0.0000,258.7 311.3 333.1 317.0 349.5
Cauliflower,2,rolling_mean_7d,False,389,169,315.8289,416.8764,248.7143,-0.9735,2,-31.2723,37.1751,190.4792,263.4965,130.0000,5.7089,259.4 293.5 415.1 320.8 285.3
Cauliflower,2,ridge_core,False,389,169,293.2300,394.3115,219.4963,6.2516,4,-33.3939,-7.3125,177.7645,244.1903,128.7705,12.0029,240.2 292.8 337.7 298.7 297.4
Cauliflower,2,ridge_extended,False,389,169,293.1278,392.0673,217.0477,6.2843,4,-34.1496,-5.9773,179.6572,242.9741,126.0518,11.0660,241.9 289.4 341.4 297.8 295.4
Cauliflower,2,rf_core,False,389,169,294.8108,393.3475,238.9907,5.7462,4,-38.2085,0.7735,185.8375,247.2543,130.4330,8.0066,238.7 295.0 354.4 312.0 272.0
Cauliflower,2,rf_extended,False,389,169,294.7789,391.9211,237.9282,5.7564,4,-40.3482,2.6846,180.4943,242.8248,123.4517,10.6516,236.8 291.9 365.8 305.8 270.6
Cauliflower,2,xgb_core,False,389,169,301.8387,398.6482,233.8032,3.4993,3,-33.3700,10.2911,184.8446,248.7151,128.7836,8.4982,237.8 301.8 358.9 324.0 286.4
Cauliflower,2,xgb_extended,False,389,169,300.8143,400.0208,226.8581,3.8268,3,-39.2962,14.8489,179.4111,242.0713,131.5564,11.1878,233.7 291.4 373.6 328.1 276.1
Cauliflower,3,persistence,True,387,167,333.0129,459.9164,252.0000,0.0000,0,0.0000,0.0000,223.5928,295.6174,170.0000,0.0000,273.9 308.8 391.9 333.0 359.9
Cauliflower,3,rolling_mean_7d,False,387,167,334.0685,445.5045,256.0000,-0.3170,3,-34.0072,38.1301,204.4007,280.5003,145.0000,8.5835,269.2 303.6 463.5 360.6 262.4
Cauliflower,3,ridge_core,False,387,167,311.3132,413.8374,245.0055,6.5162,4,-42.4492,-2.0143,191.7256,260.6313,140.3753,14.2523,244.3 296.6 397.9 329.3 284.1
Cauliflower,3,ridge_extended,False,387,167,307.1511,412.4989,247.1993,7.7660,4,-49.4043,-3.3780,191.1414,256.4104,132.5031,14.5136,245.6 291.9 394.7 320.1 278.0
Cauliflower,3,rf_core,False,387,167,321.5067,424.1141,258.2815,3.4552,3,-36.8266,13.0776,194.3027,263.9793,150.1147,13.0997,259.0 307.3 403.9 339.5 293.4
Cauliflower,3,rf_extended,False,387,167,315.2577,417.2179,258.0393,5.3317,3,-44.2278,8.8951,192.0524,258.3461,140.0332,14.1062,250.1 299.5 402.0 341.4 278.5
Cauliflower,3,xgb_core,False,387,167,326.2797,427.0686,264.8232,2.0219,2,-36.7630,20.5189,199.7148,267.1157,154.7511,10.6793,260.8 312.3 400.5 346.0 309.6
Cauliflower,3,xgb_extended,False,387,167,319.5898,422.8996,253.3395,4.0308,3,-45.3709,17.2257,194.5492,260.3968,141.4255,12.9895,255.3 285.0 405.4 362.4 288.7
Cauliflower,4,persistence,False,381,166,363.8819,502.7220,285.0000,-3.3724,2,-17.5114,41.9613,237.9699,315.2992,197.5000,-9.4051,306.2 331.4 456.8 353.0 368.2
Cauliflower,4,rolling_mean_7d,True,381,166,352.0106,470.7610,270.0000,0.0000,0,0.0000,0.0000,217.5127,291.4351,141.7857,0.0000,284.0 326.0 486.1 391.0 262.5
Cauliflower,4,ridge_core,False,381,166,339.0889,452.3933,258.8608,3.6708,4,-34.2120,6.2206,205.4006,274.3294,149.4722,5.5684,283.5 320.0 445.5 342.0 295.4
Cauliflower,4,ridge_extended,False,381,166,337.2056,452.4553,259.9629,4.2058,3,-39.4174,7.4493,203.1467,267.7666,154.5054,6.6047,284.7 314.5 439.6 347.0 292.4
Cauliflower,4,rf_core,False,381,166,345.9643,463.5589,281.2854,1.7176,3,-26.4768,12.1720,212.0286,283.5422,163.5069,2.5213,285.7 320.3 459.6 344.5 311.1
Cauliflower,4,rf_extended,False,381,166,343.4266,459.0108,273.2289,2.4385,3,-29.9806,9.6283,209.3711,277.0140,155.4141,3.7431,286.8 321.9 456.2 341.5 300.9
Cauliflower,4,xgb_core,False,381,166,358.1810,474.4186,283.3633,-1.7529,3,-20.6474,29.0914,218.0881,293.4942,161.2256,-0.2645,298.1 325.7 458.7 357.0 346.7
Cauliflower,4,xgb_extended,False,381,166,343.8212,460.6193,274.1731,2.3265,4,-35.9886,14.3321,210.2874,279.6762,154.8010,3.3218,277.8 321.9 441.7 348.8 323.9
Cauliflower,5,persistence,True,383,165,360.4439,501.8119,270.0000,0.0000,0,0.0000,0.0000,239.1394,325.9810,175.0000,0.0000,285.5 339.1 492.6 393.7 283.5
Cauliflower,5,rolling_mean_7d,False,383,165,363.6862,485.5981,285.0000,-0.8995,3,-23.6494,31.6318,231.2403,309.3567,154.2857,3.3031,281.8 334.9 528.7 397.2 264.5
Cauliflower,5,ridge_core,False,383,165,341.0170,459.8521,250.1863,5.3897,5,-33.0684,-5.6391,216.5392,291.0178,164.0745,9.4507,264.2 329.7 486.3 362.0 251.1
Cauliflower,5,ridge_extended,False,383,165,338.1029,454.1962,247.0015,6.1982,5,-41.7606,-4.5545,211.3146,282.2021,154.9332,11.6354,267.8 323.4 485.6 345.6 255.4
Cauliflower,5,rf_core,False,383,165,355.1268,479.6621,257.9590,1.4751,3,-26.7172,14.5395,223.4405,297.4991,169.4351,6.5647,284.2 318.0 500.0 375.2 290.2
Cauliflower,5,rf_extended,False,383,165,343.3903,466.8094,251.4668,4.7313,4,-40.9758,3.6612,218.5303,291.5944,147.9261,8.6180,273.7 313.0 490.4 342.1 287.6
Cauliflower,5,xgb_core,False,383,165,373.9102,495.5907,280.7357,-3.7360,1,-19.1418,43.1736,228.2579,302.5609,161.4387,4.5503,304.2 340.4 493.0 392.4 335.1
Cauliflower,5,xgb_extended,False,383,165,351.9480,471.3310,261.5844,2.3571,4,-38.4149,18.7593,223.2144,295.6979,158.9256,6.6593,275.4 321.4 483.8 353.1 319.6
Cauliflower,6,persistence,False,380,165,399.6895,555.0445,322.5000,-3.9366,1,-15.5006,47.0130,246.8788,342.5411,178.0000,-2.5790,320.6 374.2 518.6 435.9 346.5
Cauliflower,6,rolling_mean_7d,True,380,165,384.5514,510.0145,302.0833,0.0000,0,0.0000,0.0000,240.6718,318.1123,173.5714,0.0000,291.5 356.4 548.4 429.3 289.7
Cauliflower,6,ridge_core,False,380,165,365.7263,489.8552,292.4114,4.8953,5,-41.1283,1.1218,228.6443,307.3509,168.8636,4.9975,279.0 354.2 508.7 388.8 289.1
Cauliflower,6,ridge_extended,False,380,165,357.6514,487.3650,276.1092,6.9952,4,-58.7043,-1.0557,221.4891,295.5720,180.7826,7.9705,282.1 348.7 499.8 353.1 292.3
Cauliflower,6,rf_core,False,380,165,381.6418,501.9038,304.4927,0.7566,3,-30.8587,21.7686,247.1956,318.8339,188.5472,-2.7107,284.6 362.4 522.9 373.0 357.7
Cauliflower,6,rf_extended,False,380,165,371.0018,494.1283,289.9211,3.5235,3,-43.5006,10.9182,236.9003,307.0870,188.9260,1.5671,272.9 360.4 516.1 347.0 348.1
Cauliflower,6,xgb_core,False,380,165,400.5769,519.5947,303.0973,-4.1673,2,-24.9015,49.9804,252.0786,325.1561,182.3087,-4.7396,288.3 379.4 508.0 430.8 399.3
Cauliflower,6,xgb_extended,False,380,165,380.3856,502.7458,304.2139,1.0833,3,-42.0342,25.9163,233.5984,306.9862,165.6593,2.9390,269.9 372.3 508.4 371.1 374.9
Cauliflower,7,persistence,False,381,163,402.4199,557.0777,290.0000,-0.0393,3,-31.3958,33.6942,263.5583,352.3345,175.0000,-3.4019,317.1 358.9 534.3 449.5 352.8
Cauliflower,7,rolling_mean_7d,True,381,163,402.2619,529.3985,332.8333,0.0000,0,0.0000,0.0000,254.8872,330.1771,221.4286,0.0000,298.2 370.7 572.2 464.1 302.2
Cauliflower,7,ridge_core,False,381,163,375.3414,498.2940,303.5110,6.6923,5,-52.0490,-3.8758,242.1141,317.3420,185.6693,5.0113,289.3 362.2 506.9 414.8 298.8
Cauliflower,7,ridge_extended,False,381,163,363.5514,489.9455,268.8895,9.6232,5,-70.7280,-12.1515,232.6705,300.6457,182.6593,8.7163,288.9 352.2 500.4 376.5 290.8
Cauliflower,7,rf_core,False,381,163,391.8505,517.8591,299.8799,2.5882,4,-39.2545,13.6036,265.0297,340.1676,219.2234,-3.9792,290.4 360.3 534.9 411.4 359.2
Cauliflower,7,rf_extended,False,381,163,376.6726,509.7442,277.4211,6.3613,4,-61.0895,2.8604,249.9285,324.3738,201.2466,1.9454,280.5 352.1 522.9 354.4 365.4
Cauliflower,7,xgb_core,False,381,163,406.8620,536.2801,324.3615,-1.1436,3,-38.6388,38.8417,287.9790,359.7400,232.6676,-12.9829,288.6 382.2 520.3 442.6 404.5
Cauliflower,7,xgb_extended,False,381,163,381.5677,515.8026,275.1453,5.1445,4,-65.4716,15.5316,255.4981,329.6957,216.4216,-0.2397,265.7 360.1 514.2 357.2 406.3
